﻿<window>
	<defaultcontrol>40</defaultcontrol>
	<controls>
		<control type="image">
			<posx>165</posx>
			<posy>205</posy>
			<width>390</width>
			<height>190</height>
			<texture>XBhelpdialog.png</texture>
		</control>
		<control type="label" id="20">
			<description>dialog Heading</description>
			<posx>190</posx>
			<posy>218</posy>
			<label>-</label>
			<font>special13</font>
		</control>
  		<control type="textbox" id="21">
            		<description>Information TextBox</description>
			<pagecontrol>99</pagecontrol>
            		<posx>180</posx>
            		<posy>245</posy>
            		<width>350</width>
            		<height>100</height>
            		<font>font13</font>
        	</control>
		<control type="button" id="40">
			<description>OK button</description>
			<posx>325</posx>
			<posy>330</posy>
			<width>77</width>
			<height>32</height>
			<label>186</label>
			<font>font10</font>
			<align>center</align>
			<texturenofocus>keyboard-btn-backspace.png</texturenofocus>
			<texturefocus>keyboard-btn-backspace-focus.png</texturefocus>
			<onleft>22</onleft>
			<onright>22</onright>
			<onup>22</onup>
			<ondown>22</ondown>
		</control>
	</controls>
</window>