<window>
	<controls>
		<control type="image" id="71">
			<description>fsoverlay</description>
			<posx>-40</posx>
			<posy>0</posy>
			<width>650</width>
			<height>600</height>
			<texture>XBcontacts.png</texture>
			<animation effect="slide" start="-700,0" time="800">Visible</animation>
			<animation effect="slide" end="-700,0" time="800">Hidden</animation>
			<visible>Skin.HasSetting(contactsdialog)</visible>
		</control> 
        	<control type="fadelabel" id="73">
			<description>Contacts:</description>
			<animation effect="slide" start="-700,0" time="800">Visible</animation>
			<animation effect="slide" end="-700,0" time="800">Hidden</animation>
			<visible>Skin.HasSetting(contactsdialog)</visible>
			<width>524</width>
			<posx>170</posx>
			<posy>50</posy>
			<align>right</align>
			<font>special13</font>
			<textcolor>FFB2D4F5</textcolor>
		</control> 
		<control type="list" id="50">
			<animation effect="slide" start="-700,0" time="800">Visible</animation>
			<animation effect="slide" end="-700,0" time="800">Hidden</animation>
			<visible>Skin.HasSetting(contactsdialog)</visible>
			<posx>40</posx>
			<posy>77</posy>
			<width>510</width>
			<height>420</height>
			<onleft>69</onleft>
			<onright>82</onright>
			<onup>82</onup>
			<ondown>9000</ondown>
			<viewtype label="535">list</viewtype>
			<pagecontrol>69</pagecontrol>
			<scrolltime>200</scrolltime>
			<itemlayout height="20">
				<control type="label">
					<posx>5</posx>
					<posy>0</posy>
					<width>240</width>
					<height>22</height>
					<font>font13</font>
					<align>left</align>
					<selectedcolor>FFe2ff43</selectedcolor>
					<info>ListItem.Label</info>
				</control>
				<control type="label">
					<posx>253</posx>
					<posy>0</posy>
					<width>250</width>
					<height>22</height>
					<font>font13</font>
					<align>left</align>
					<selectedcolor>FFe2ff43</selectedcolor>
					<info>ListItem.Label2</info>
				</control>
			</itemlayout>
			<focusedlayout height="20">
				<control type="image">
					<width>510</width>
					<height>20</height>
					<posx>0</posx>
					<posy>0</posy>
					<visible>Control.HasFocus(50)</visible>
					<texture>XBlist-focus.png</texture>
				</control>
				<control type="label">
					<posx>5</posx>
					<posy>0</posy>
					<width>240</width>
					<height>22</height>
					<font>font13</font>
					<align>left</align>
					<selectedcolor>FFe2ff43</selectedcolor>
					<info>ListItem.Label</info>
				</control>
				<control type="label">
					<posx>253</posx>
					<posy>0</posy>
					<width>250</width>
					<height>22</height>
					<font>font13</font>
					<align>left</align>
					<selectedcolor>FFe2ff43</selectedcolor>
					<info>ListItem.Label2</info>
				</control>
			</focusedlayout>
		</control>
		<control type="scrollbar" id="69">
			<animation effect="slide" start="-700,0" time="800">Visible</animation>
			<animation effect="slide" end="-700,0" time="800">Hidden</animation>
			<visible>Skin.HasSetting(contactsdialog)</visible>
			<posx>20</posx>
			<posy>78</posy>
			<width>16</width>
			<height>422</height>
			<texturesliderbackground border="4">XBscrollbar_background.png</texturesliderbackground>
			<texturesliderbar border="3">XBscrollbar_bar.png</texturesliderbar>
			<texturesliderbarfocus border="3">XBscrollbar_bar_focus.png</texturesliderbarfocus>
			<textureslidernib>XBscrollbar_nib.png</textureslidernib>
			<textureslidernibfocus>XBscrollbar_nib_focus.png</textureslidernibfocus>
			<onleft>9000</onleft>
			<onright>50</onright>
			<showonepage>false</showonepage>
			<orientation>vertical</orientation>
		</control>	
		<control type="group" id="9000">
			<animation effect="slide" start="-700,0" time="800">Visible</animation>
			<animation effect="slide" end="-700,0" time="800">Hidden</animation>
			<visible>Skin.HasSetting(contactsdialog)</visible>
			<posx>33</posx>
			<posy>505</posy>
			<control type="button" id="61">
				<description>Add Contact Button</description>
				<posx>205</posx>
				<posy>0</posy>
      				<textoffsetx>2</textoffsetx>
      				<textoffsety></textoffsety>
				<label>-</label>
				<onright>61</onright>
				<onup>50</onup>
				<ondown>61</ondown>
				<onleft>61</onleft>
				<align>center</align>
				<aligny>center</aligny>
      				<texturefocus>XBbuttonF.png</texturefocus>
				<texturenofocus>XBbuttonNF.png</texturenofocus>
				<disabledcolor>60ffffff</disabledcolor>
				<width>94</width>
				<height>35</height>
			</control>			
		</control>
    </controls>

</window>
