<window>
	<defaultcontrol>51</defaultcontrol>
	<allowoverlay>no</allowoverlay>
	<controls>
		<control type="image">
			<description>Background image</description>
			<posx>0</posx>
			<posy>0</posy>
			<width>720</width>
			<height>576</height>
			<texture>XBbackground-bottom.png</texture>
		</control>
		<control type="image">
			<description>Menu Open</description>
			<posx>153</posx>
			<posy>60</posy>
			<width>400</width>
			<height>63</height>
			<texture>XBmenu-top.png</texture>
			<animation effect="slide" start="0,100" time="800">WindowOpen</animation>
			<animation effect="slide" end="0,100" time="800">WindowClose</animation>
		</control>
		<control type="image">
			<description>Menu Icon image</description>
			<posx>330</posx>
			<posy>60</posy>
			<width>65</width>
			<height>65</height>
			<texture>XBlogin.png</texture>
			<animation effect="slide" start="0,100" time="800">WindowOpen</animation>
			<animation effect="slide" end="0,100" time="800">WindowClose</animation>
		</control>
		<control type="image">
			<description>XinBox Logo image</description>
			<posx>160</posx>
			<posy>45</posy>
			<width>120</width>
			<height>120</height>
			<texture>XBXinBoXLogo.png</texture>
			<animation effect="slide" start="0,100" time="800">WindowOpen</animation>
			<animation effect="slide" end="0,100" time="800">WindowClose</animation>
		</control>
  		<control type="label" id="80">
        		<description>Menu Label</description>
        		<posx>430</posx>
        		<posy>95</posy>
        		<width>200</width>
        		<label>-</label>
        		<font>special13</font>
        		<textcolor>FFB2D4F5</textcolor>
			<animation effect="slide" start="0,100" time="800">WindowOpen</animation>
			<animation effect="slide" end="0,100" time="800">WindowClose</animation>
  		</control>	
  		<control type="label" id="81">
        		<description>Account Label</description>
        		<posx>440</posx>
        		<posy>60</posy>
			<label>-</label>
        		<width>200</width>
        		<font>font13</font>
			<animation effect="slide" start="0,100" time="800">WindowOpen</animation>
			<animation effect="slide" end="0,100" time="800">WindowClose</animation>
  		</control>		
		<control type="image">
			<description>Panel</description>
			<posx>140</posx>
			<posy>120</posy>
			<width>430</width>
			<height>450</height>
			<texture>XBacmenu.png</texture>
		</control>
		<control type="group" id="9000">
			<animation effect="fade" time="1000">WindowOpen</animation>
			<animation effect="fade" time="1000">WindowClose</animation>
			<posx>183</posx>
			<posy>462</posy>
			<control type="button" id="61">
				<description>Edit Button</description>
				<posx>0</posx>
				<posy>0</posy>
      				<textoffsetx>2</textoffsetx>
      				<textoffsety></textoffsety>
				<label>-</label>
				<onright>62</onright>
				<onup>51</onup>
				<ondown>61</ondown>
				<onleft>61</onleft>
				<align>center</align>
				<aligny>center</aligny>
      				<texturefocus>XBbuttonF.png</texturefocus>
				<texturenofocus>XBbuttonNF.png</texturenofocus>
				<disabledcolor>60ffffff</disabledcolor>
				<width>97</width>
				<height>42</height>
			</control>
			<control type="button" id="62">
				<description>Delete Button</description>
				<posx>130</posx>
				<posy>0</posy>
      				<textoffsetx>2</textoffsetx>
      				<textoffsety></textoffsety>
				<label>-</label>
				<onright>63</onright>
				<onup>51</onup>
				<ondown>62</ondown>
				<onleft>61 </onleft>
				<align>center</align>
				<aligny>center</aligny>
      				<texturefocus>XBbuttonF.png</texturefocus>
				<texturenofocus>XBbuttonNF.png</texturenofocus>
				<disabledcolor>60ffffff</disabledcolor>
				<width>97</width>
				<height>42</height>
			</control>
			<control type="button" id="63">
				<description>Mini-Mode Button</description>
				<posx>258</posx>
				<posy>0</posy>
      				<textoffsetx>2</textoffsetx>
      				<textoffsety></textoffsety>
				<label>-</label>
				<onup>51</onup>
				<onleft>62</onleft>
				<onright>63</onright>
				<ondown>63</ondown>
				<align>center</align>
				<aligny>center</aligny>
      				<texturefocus>XBbuttonF.png</texturefocus>
				<texturenofocus>XBbuttonNF.png</texturenofocus>
				<disabledcolor>60ffffff</disabledcolor>
				<width>97</width>
				<height>42</height>
			</control>
		</control>
		<control type="list" id="51">
			<posx>175</posx>
			<posy>155</posy>
			<width>400</width>
			<height>275</height>
			<ondown>9000</ondown>
			<scrolltime>200</scrolltime>
			<animation effect="fade" time="1000">WindowOpen</animation>
			<animation effect="fade" time="1000">WindowClose</animation>
			<itemlayout height="27">
				<control type="image">
					<width>440</width>
					<height>25</height>
					<posx>0</posx>
					<posy>0</posy>
					<texture>XBlist-nofocus.png</texture>
				</control>
				<control type="image">
					<posx>200</posx>
					<posy>0</posy>
					<width>25</width>
					<height>25</height>
					<info>ListItem.Icon</info>
				</control>
				<control type="label">
					<posx>5</posx>
					<posy>2</posy>
					<width>390</width>
					<height>22</height>
					<font>font13</font>
					<align>left</align>
					<info>ListItem.Label</info>
				</control>
				<control type="label">
					<posx>313</posx>
					<posy>2</posy>
					<width>300</width>
					<height>22</height>
					<font>font13</font>
					<align>right</align>
					<info>ListItem.Label2</info>
				</control>
			</itemlayout>
			<focusedlayout height="27">
				<control type="image">
					<width>370</width>
					<height>25</height>
					<posx>0</posx>
					<posy>0</posy>
					<visible>Control.HasFocus(51)</visible>
					<texture>XBlist-focus.png</texture>
				</control>
				<control type="image">
					<posx>200</posx>
					<posy>0</posy>
					<width>25</width>
					<height>25</height>
					<info>ListItem.Icon</info>
				</control>
				<control type="label">
					<posx>5</posx>
					<posy>2</posy>
					<width>390</width>
					<height>22</height>
					<font>font13</font>
					<align>left</align>
					<info>ListItem.Label</info>
				</control>
				<control type="label">
					<posx>313</posx>
					<posy>2</posy>
					<width>300</width>
					<height>22</height>
					<font>font13</font>
					<align>right</align>
					<info>ListItem.Label2</info>
				</control>
			</focusedlayout>
		</control>

    </controls>

</window>
