<window>
	<defaultcontrol>50</defaultcontrol>
	<allowoverlay>yes</allowoverlay>
	<controls>
		<control type="image">
			<description>background image</description>
			<posx>0</posx>
			<posy>0</posy>
			<width>720</width>
			<height>88</height>
			<texture>background-apps.png</texture>
		</control>
		<control type="image">
			<description>background image</description>
			<posx>0</posx>
			<posy>88</posy>
			<width>720</width>
			<height>488</height>
			<texture>background-bottom.png</texture>
		</control>
		<control type="label" id="1">
			<description>xbox media center label</description>
			<posx>200</posx>
			<posy>43</posy>
			<align>right</align>
			<label>xbox media center</label>
			<font>special12</font>
		</control>
		<control type="label" id="1">
			<description>Applications label</description>
			<posx>207</posx>
			<posy>43</posy>
			<align>left</align>
			<label>WindowXML Test</label>
			<font>special13</font>
		</control>
		<include>contentpanel</include>
		<control type="label" id="12">
			<description>number of files text label</description>
			<posx>545</posx>
			<posy>540</posy>
			<align>right</align>
			<label>-</label>
			<font>font10</font>
			<include>contentpanelslide</include>
		</control>
		<control type="group" id="9000">
			<posx>20</posx>
			<posy>-20</posy>
			<include>buttonpanelslide</include>
			<control type="button" id="2">
				<description>View As Icons button</description>
				<posx>0</posx>
				<posy>120</posy>
				<label>100</label>
				<onleft>50</onleft>
				<onright>50</onright>
				<onup>33</onup>
				<ondown>13</ondown>
				<disabledcolor>60ffffff</disabledcolor>
				<textoffsetx>17</textoffsetx>
				<aligny>center</aligny>
			</control>
			<control type="button" id="13">
				<description>Clear button</description><!-- changed from id 3 as its 'reservered' for sort (if sort is fixed)-->
				<posx>0</posx>
				<posy>157</posy>
				<label>Clear</label>
				<onleft>50</onleft>
				<onright>4</onright>
				<onup>2</onup>
				<ondown>99</ondown>
				<disabledcolor>60ffffff</disabledcolor>
				<textoffsetx>17</textoffsetx>
				<aligny>center</aligny>
			</control>
			<control type="togglebutton" id="14">
				<description>togglebutton example</description>
				<label>-</label>
				<onleft>3</onleft>
				<onright>50</onright>
				<onup>2</onup>
				<ondown>99</ondown>
				<disabledcolor>60ffffff</disabledcolor>
				<textoffsetx>17</textoffsetx>
				<aligny>center</aligny>
			</control>
			<control type="button" id="99">
				<description>Button</description>
				<posx>0</posx>
				<posy>194</posy>
				<label>Settings</label>
				<font>font13</font>
				<onleft>50</onleft>
				<onright>50</onright>
				<onup>13</onup>
				<ondown>7</ondown>
				<disabledcolor>60ffffff</disabledcolor>
				<textoffsetx>17</textoffsetx>
				<aligny>center</aligny>
			</control>
			<control type="button" id="7">
				<description>Stacking</description>
				<posx>0</posx>
				<posy>231</posy>
				<label>About</label>
				<onleft>50</onleft>
				<onright>50</onright>
				<onup>99</onup>
				<ondown>2</ondown>
			</control>
		</control>
		<include>OldListViewCommons</include>
		<include>ProgramsViewCommons</include>
		<include>AllViewCommonThumbSmall</include>
		<control type="textbox" id="333">
			<description>textarea</description>
			<posx>30</posx>
			<posy>100</posy>
			<width>660</width>
			<height>465</height>
			<font>font12</font>
			<spinposx>600</spinposx>
			<spinposy>445</spinposy>
			<animation effect="fade" start="0" end="100" delay="200" time="100" condition="!Skin.HasSetting(animated)">WindowOpen</animation>
			<animation effect="fade" start="100" end="0" delay="0" time="100" condition="!Skin.HasSetting(animated)">WindowClose</animation>
		</control>

	</controls>
</window>