<window id="3000">
	<defaultcontrol>90</defaultcontrol>
	<allowoverlay>no</allowoverlay>
	<controls>
		<include>CommonBackground_FullscreenDialogs</include>
		<include>Slider_Glow_Common</include>
		<include>AllCommonPageControls</include>
		<control type="group" id="9000">
			<description>Sidebar group</description>
			<posx>-160</posx>
			<control type="image">
				<description>Sidebar Back image</description>
				<posx>-145</posx>
				<posy>0</posy>
				<width>425</width>
				<height>577</height>
				<texture>Side_Slideout.png</texture>
			</control>
		</control>
		<control type="image">
			<description>Top Bar BACK</description>
			<posx>165</posx>
			<posy>0</posy>
			<width>560</width>
			<height>105</height>
			<texture>TBGames.png</texture>
		</control>
		<control type="image">
			<description>Top Bar FRONT</description>
			<posx>0</posx>
			<posy>0</posy>
			<width>720</width>
			<height>116</height>
			<texture>Topbar_Front.png</texture>
		</control>
		<control type="image">
			<description>Top Front image</description>
			<posx>0</posx>
			<posy>0</posy>
			<width>720</width>
			<height>116</height>
			<texture>Topbar_Front.png</texture>
		</control>
		<control type="label">
			<description>Heading text label</description>
			<align>center</align>
			<posx>360</posx>
			<posy>35</posy>
			<label>Changelog</label>
			<font>font20</font>
		</control>
		<control type="label" id="6">
			<description>date label</description>
			<posx>650</posx>
			<posy>110</posy>
            <label>-</label>
            <align>right</align>
			<font>font16</font>
			<width>200</width>
		</control>
		<control type="label" id="4">
			<description>header label</description>
			<posx>50</posx>
			<posy>110</posy>
			<font>font16</font>
			<width>620</width>
		</control>
		<control type="textbox" id="5">
			<description>textarea</description>
			<posx>50</posx>
			<posy>155</posy>
			<width>620</width>
			<height>365</height>
			<pagecontrol>90</pagecontrol>
			<include>textcolor-white</include>
			<font>font16</font>
		</control>
		<include>MusicNowPlayingDisplay</include>
	</controls>
</window>