﻿<window>
	<controls>
		<control type="image">
			<posx>420</posx>
			<posy>480</posy>
			<width>300</width>
			<height>100</height>
			<texture>XBhelpdialog.png</texture>
			<animation effect="slide" start="0,150" time="500">Visible</animation>
			<animation effect="slide" end="0,150" time="500">Hidden</animation>
			<visible>Skin.HasSetting(showpopup)</visible>
		</control>
  		<control type="textbox" id="21">
            		<description>Information TextBox</description>
			<pagecontrol>99</pagecontrol>
            		<posx>440</posx>
            		<posy>485</posy>
            		<width>300</width>
            		<height>80</height>
            		<font>font13</font>
			<animation effect="slide" start="0,150" time="500">Visible</animation>
			<animation effect="slide" end="0,150" time="500">Hidden</animation>
			<visible>Skin.HasSetting(showpopup)</visible>
        	</control>
	</controls>
</window>