<window>

<!--
	The <resolution> tag is used for the setCoordinateResolution() function.
	
	You may move, add or delete any controls you want as long as they're not Required.
	With one exception, required controls <description> tag and <type> tag MUST NOT be changed.
	The exception is <type>label</type> may be changed to <type>button</type>.	This allows 
	<shadowcolor> tag to be used. (set <texturenofocus>-</texturenofocus> if doing this.)
		
	There are four special controls that are displayed based on if media is playing. You may set their
	tag <visible>false</visible> if you don't want them, but DO NOT delete them.
	
	<type>list</type> have an additional tag <hidespinner>, if set to true, a scrollbar will be used
	in place of the spinner control.
	
	<include> tags work and the defaults.xml file will be used for any missing tags.
	
	To use special images from the /gfx/ folder prepend a \. (eg <texture>\background.png</texture>)
	
-->

	<defaultcontrol always="true">10</defaultcontrol>
	<resolution>PAL16x9</resolution>
    <useincludes>false</useincludes>

	<controls>

		<control type="image" id="1">
			<description>background image</description>
			<posx>0</posx>
			<posy>0</posy>
			<width>720</width>
			<height>576</height>
			<texture>\background.png</texture>
		</control>

		<!-- ** Required ** Do not change <description> or <type> -->
		<control type="list" id="100">
			<description>thList</description>
			<font>font14</font>
			<posx>205</posx>
			<posy>120</posy>
			<width>470</width>
			<height>600</height>
			<textcolor>FFFFFFFF</textcolor>
			<selectedcolor>FFFFFF00</selectedcolor>
			<texturefocus>\focus.png</texturefocus>
			<texturenofocus>-</texturenofocus>
			<textureheight>26</textureheight>
			<itemwidth>10</itemwidth>
			<itemheight>22</itemheight>
			<hidespinner>false</hidespinner>
			<spacebetweenitems>1</spacebetweenitems>
			<image>-</image>
			<textxoff>3</textxoff>
			<suffix>|</suffix>
			<aligny>center</aligny>
			<onup>100</onup>
			<ondown>100</ondown>
			<onleft>100</onleft>
			<onright>100</onright>
			<visible>false</visible>
		</control>


		<!-- ** Required ** Do not change <description> or <type> -->
		<control type="list" id="110">
			<description>mmsList</description>
			<font>font14</font>
			<posx>205</posx>
			<posy>120</posy>
			<width>470</width>
			<height>600</height>
			<textcolor>FFFFFFFF</textcolor>
			<selectedcolor>FFFFFF00</selectedcolor>
			<texturefocus>\focus.png</texturefocus>
			<texturenofocus>-</texturenofocus>
			<textureheight>26</textureheight>
			<itemwidth>10</itemwidth>
			<itemheight>22</itemheight>
			<hidespinner>false</hidespinner>
			<spacebetweenitems>1</spacebetweenitems>
			<image>-</image>
			<textxoff>3</textxoff>
			<suffix>|</suffix>
			<aligny>center</aligny>
			<onup>110</onup>
			<ondown>110</ondown>
			<onleft>110</onleft>
			<onright>110</onright>
			<visible>false</visible>
		</control>
        
		<!-- ** Required ** Do not change <description> or <type> -->
        <control type="image" id="1">
			<description>fsoverlay</description>
			<posx>0</posx>
			<posy>0</posy>
			<width>720</width>
			<height>576</height>
			<texture>\background.png</texture>
		</control>

		<!-- ** Required ** Do not change <description> or <type> -->
		<control type="image" id="1">
			<description>seoverlay</description>
			<posx>0</posx>
			<posy>0</posy>
			<width>720</width>
			<height>576</height>
			<texture>\background.png</texture>
		</control>
        
        <control type="label" id="1">
			<description>title</description>
			<posx>250</posx>
			<posy>80</posy>
			<width>200</width>
			<height>100</height>
			<align>left</align>
			<label>XinBox</label>
			<font>font18</font>
			<textcolor>FFB2D4F5</textcolor>
		</control>

		<!-- Buttons -->

		<!-- ** Required ** Do not change <description> or <type> -->
		<control type="button" id="10">
			<description>cmButton</description>
			<label>XinBox 1</label>
			<posx>64</posx>
			<posy>158</posy>
			<width>135</width>
			<height>30</height>
			<texturefocus>\button-focus.png</texturefocus>
			<texturenofocus>\button-nofocus.png</texturenofocus>
			<font>font14</font>
			<textcolor>FFFFFFFF</textcolor>
			<disabledcolor>60ffffff</disabledcolor>
			<textoffsetx>17</textoffsetx>
			<aligny>center</aligny>
			<onleft>10</onleft>
			<onright>10</onright>
			<onup>10</onup>
			<ondown>20</ondown>
			<onclick>-</onclick>
		</control>

		<!-- ** Required ** Do not change <description> or <type> -->
		<control type="button" id="20">
			<description>csButton</description>
			<label>XinBox 2</label>
			<posx>64</posx>
			<posy>192</posy>
			<width>135</width>
			<height>30</height>
			<texturefocus>\button-focus.png</texturefocus>
			<texturenofocus>\button-nofocus.png</texturenofocus>
			<font>font14</font>
			<textcolor>FFFFFFFF</textcolor>
			<disabledcolor>60ffffff</disabledcolor>
			<textoffsetx>17</textoffsetx>
			<aligny>center</aligny>
			<onleft>20</onleft>
			<onright>20</onright>
			<onup>10</onup>
			<ondown>50</ondown>
			<onclick>-</onclick>
		</control>

		<!-- ** Required ** Do not change <description> or <type> -->
		<control type="button" id="30">
			<description>fsButton</description>
			<label>1</label>
			<posx>64</posx>
			<posy>226</posy>
			<width>135</width>
			<height>30</height>
			<texturefocus>\button-focus.png</texturefocus>
			<texturenofocus>\button-nofocus.png</texturenofocus>
			<font>font14</font>
			<textcolor>60FFFFFF</textcolor>
			<disabledcolor>60ffffff</disabledcolor>
			<textoffsetx>17</textoffsetx>
			<aligny>center</aligny>
			<onleft>95</onleft>
			<onright>100</onright>
			<onup>70</onup>
			<ondown>20</ondown>
			<onclick>-</onclick>
		</control>

		<!-- ** Required ** Do not change <description> or <type> -->
		<control type="button" id="40">
			<description>vaButton</description>
			<label>2</label>
			<posx>64</posx>
			<posy>260</posy>
			<width>135</width>
			<height>30</height>
			<texturefocus>\button-focus.png</texturefocus>
			<texturenofocus>\button-nofocus.png</texturenofocus>
			<font>font14</font>
			<textcolor>60FFFFFF</textcolor>
			<disabledcolor>60ffffff</disabledcolor>
			<textoffsetx>17</textoffsetx>
			<aligny>center</aligny>
			<onleft>95</onleft>
			<onright>100</onright>
			<onup>70</onup>
			<ondown>20</ondown>
			<onclick>-</onclick>
		</control>

		<!-- ** Required ** Do not change <description> or <type> -->
		<control type="button" id="50">
			<description>seButton</description>
			<label>3</label>
			<posx>64</posx>
			<posy>294</posy>
			<width>135</width>
			<height>30</height>
			<texturefocus>\button-focus.png</texturefocus>
			<texturenofocus>\button-nofocus.png</texturenofocus>
			<font>font14</font>
			<textcolor>60FFFFFF</textcolor>
			<disabledcolor>60ffffff</disabledcolor>
			<textoffsetx>17</textoffsetx>
			<aligny>center</aligny>
			<onleft>50</onleft>
			<onright>500</onright>
			<onup>20</onup>
			<ondown>60</ondown>
			<onclick>-</onclick>
		</control>

		<!-- ** Required ** Do not change <description> or <type> -->
		<control type="button" id="60">
			<description>mmButton</description>
			<label>0</label>
			<posx>64</posx>
			<posy>328</posy>
			<width>135</width>
			<height>30</height>
			<texturefocus>\button-focus.png</texturefocus>
			<texturenofocus>\button-nofocus.png</texturenofocus>
			<font>font14</font>
			<textcolor>FFFFFFFF</textcolor>
			<disabledcolor>60ffffff</disabledcolor>
			<textoffsetx>17</textoffsetx>
			<aligny>center</aligny>
			<onleft>60</onleft>
			<onright>60</onright>
			<onup>50</onup>
			<ondown>60</ondown>
			<onclick>-</onclick>
		</control>

		<!-- ** Required ** Do not change <description> or <type> -->
		<control type="list" id="120">
			<description>listControl</description>
			<font>font14</font>
			<posx>238</posx>
			<posy>120</posy>
			<width>434</width>
			<height>200</height>
			<textcolor>FFFFFFFF</textcolor>
			<selectedcolor>FFFFFF00</selectedcolor>
			<texturefocus>\focus.png</texturefocus>
			<texturenofocus>-</texturenofocus>
			<textureheight>26</textureheight>
			<itemwidth>10</itemwidth>
			<itemheight>22</itemheight>
			<hidespinner>false</hidespinner>
			<spacebetweenitems>1</spacebetweenitems>
			<image>-</image>
			<textxoff>3</textxoff>
			<suffix>|</suffix>
			<aligny>center</aligny>
			<onup>120</onup>
			<ondown>120</ondown>
			<onleft>120</onleft>
			<onright>120</onright>
			<visible>false</visible>
		</control>
        
		<!-- ** Required ** Do not change <description> or <type> -->
		<control type="list" id="130">
			<description>attachlist</description>
			<font>font14</font>
			<posx>238</posx>
			<posy>340</posy>
			<width>434</width>
			<height>200</height>
			<textcolor>FFFFFFFF</textcolor>
			<selectedcolor>FFFFFF00</selectedcolor>
			<texturefocus>\focus.png</texturefocus>
			<texturenofocus>-</texturenofocus>
			<textureheight>26</textureheight>
			<itemwidth>10</itemwidth>
			<itemheight>22</itemheight>
			<hidespinner>false</hidespinner>
			<spacebetweenitems>1</spacebetweenitems>
			<image>-</image>
			<textxoff>3</textxoff>
			<suffix>|</suffix>
			<aligny>center</aligny>
			<onup>130</onup>
			<ondown>130</ondown>
			<onleft>130</onleft>
			<onright>130</onright>
			<visible>false</visible>
		</control>

        <control type="textbox" id="200">
            <description>msgbody</description>
            <posx>216</posx>
            <posy>340</posy>
            <width>456</width>
            <height>200</height>
            <spinposx>410</spinposx>
            <spinposy>345</spinposy>
            <spincolor>ffffffff</spincolor>
            <textureup>scroll-up.png</textureup>
            <texturedown>scroll-down.png</texturedown>
            <textureupfocus>scroll-up-focus.gif</textureupfocus>
            <texturedownfocus>scroll-down-focus.gif</texturedownfocus>
            <font>font13</font>
            <textcolor>FFFFFFFF</textcolor>
            <onup>200</onup>
            <ondown>200</ondown>
            <onleft>200</onleft>
            <onright>200</onright>
            <visible>false</visible>
        </control>

        <control type="textbox" id="210">
            <description>fsmsgbody</description>
            <posx>60</posx>
            <posy>50</posy>
            <width>600</width>
            <height>500</height>
            <spinposx>410</spinposx>
            <spinposy>345</spinposy>
            <spincolor>ffffffff</spincolor>
            <textureup>scroll-up.png</textureup>
            <texturedown>scroll-down.png</texturedown>
            <textureupfocus>scroll-up-focus.gif</textureupfocus>
            <texturedownfocus>scroll-down-focus.gif</texturedownfocus>
            <font>font13</font>
            <textcolor>FFFFFFFF</textcolor>
            <onup>210</onup>
            <ondown>210</ondown>
            <onleft>210</onleft>
            <onright>210</onright>
            <visible>false</visible>
        </control>

    </controls>

</window>
