<window>
	<controls>
		<control type="image" id="78">
			<description>attachpanel</description>
			<posx>350</posx>
			<posy>0</posy>
			<width>395</width>
			<height>600</height>
			<texture>XBattach.png</texture>
			<animation effect="slide" start="-200,0" time="800">Visible</animation>
			<animation effect="slide" end="-200,0" time="800">Hidden</animation>
			<visible>Skin.HasSetting(attachlistnotempty)</visible>
		</control>
  		<control type="label" id="89">
        		<description>Attachments Label</description>
        		<posx>565</posx>
        		<posy>50</posy>
        		<width>150</width>
        		<label>-</label>
        		<font>special13</font>
        		<textcolor>FFB2D4F5</textcolor>
			<animation effect="slide" start="-200,0" time="800">Visible</animation>
			<animation effect="slide" end="-200,0" time="800">Hidden</animation>
			<visible>Skin.HasSetting(attachlistnotempty)</visible>
  		</control>
  		<control type="label" id="90">
        		<description>Attachments Size Label</description>
        		<posx>565</posx>
        		<posy>500</posy>
        		<width>150</width>
        		<label>-</label>
        		<font>special13</font>
        		<textcolor>FFB2D4F5</textcolor>
			<animation effect="slide" start="-200,0" time="800">Visible</animation>
			<animation effect="slide" end="-200,0" time="800">Hidden</animation>
			<visible>Skin.HasSetting(attachlistnotempty)</visible>
  		</control>
		<control type="image">
			<description>Attachment Background Image</description>
			<posx>535</posx>
			<posy>280</posy>
			<width>190</width>
			<height>190</height>
			<texture>XBattachempty.png</texture>
			<aspectratio>keep</aspectratio>
			<animation effect="slide" start="-200,0" time="800">Visible</animation>
			<animation effect="slide" end="-200,0" time="800">Hidden</animation>
			<visible>Skin.HasSetting(attachlistnotempty)</visible>
		</control>
		<control type="image" id="80">
			<description>Attachment Image</description>
			<posx>552</posx>
			<posy>290</posy>
			<width>155</width>
			<height>155</height>
			<texture>-</texture>
			<aspectratio>keep</aspectratio>
			<animation effect="slide" start="-200,0" time="800">Visible</animation>
			<animation effect="slide" end="-200,0" time="800">Hidden</animation>
			<visible>Skin.HasSetting(attachlistnotempty)</visible>
		</control>
		<control type="list" id="81">
			<animation effect="slide" start="-200,0" time="800">Visible</animation>
			<animation effect="slide" end="-200,0" time="800">Hidden</animation>
			<visible>Skin.HasSetting(attachlistnotempty)</visible>
			<posx>557</posx>
			<posy>80</posy>
			<width>150</width>
			<height>170</height>
			<onleft>64</onleft>
			<onright>81</onright>
			<onup>81</onup>
			<ondown>81</ondown>
			<viewtype label="535">list</viewtype>
			<itemlayout height="27">
				<control type="image">
					<width>150</width>
					<height>25</height>
					<posx>0</posx>
					<posy>0</posy>
					<texture>XBlist-nofocus.png</texture>
				</control>
				<control type="label">
					<posx>0</posx>
					<posy>0</posy>
					<width>380</width>
					<height>22</height>
					<font>font13</font>
					<selectedcolor>FFe2ff43</selectedcolor>
					<align>left</align>
					<info>ListItem.Label</info>
				</control>
			</itemlayout>
			<focusedlayout height="27">
				<control type="image">
					<width>150</width>
					<height>25</height>
					<posx>0</posx>
					<posy>0</posy>
					<visible>Control.HasFocus(81)</visible>
					<texture>XBlist-focus.png</texture>
				</control>
				<control type="label">
					<posx>0</posx>
					<posy>0</posy>
					<width>380</width>
					<height>22</height>
					<font>font13</font>
					<selectedcolor>FFe2ff43</selectedcolor>
					<align>left</align>
					<info>ListItem.Label</info>
				</control>
			</focusedlayout>
		</control>
		<control type="image" id="71">
			<description>fsoverlay</description>
			<posx>-40</posx>
			<posy>0</posy>
			<width>650</width>
			<height>600</height>
			<texture>XBemailopen.png</texture>
			<animation effect="slide" start="-700,0" time="800">Visible</animation>
			<animation effect="slide" end="-700,0" time="800">Hidden</animation>
			<visible>Skin.HasSetting(emaildialog)</visible>
		</control>
        	<control type="fadelabel" id="73">
			<description>email subject and from</description>
			<animation effect="slide" start="-700,0" time="800">Visible</animation>
			<animation effect="slide" end="-700,0" time="800">Hidden</animation>
			<visible>Skin.HasSetting(emaildialog)</visible>
			<width>524</width>
			<posx>20</posx>
			<posy>50</posy>
			<align>right</align>
			<font>special13</font>
			<textcolor>FFB2D4F5</textcolor>
		</control> 
		<control type="fadelabel" id="74">
			<description>Email Rec</description>
			<animation effect="slide" start="-700,0" time="800">Visible</animation>
			<animation effect="slide" end="-700,0" time="800">Hidden</animation>
			<visible>Skin.HasSetting(emaildialog)</visible>
			<posx>20</posx>
			<posy>510</posy>
			<width>220</width>
			<align>left</align>
			<font>font18</font>
			<textcolor>FFB2D4F5</textcolor>
		</control>
        	<control type="textbox" id="72">
            		<description>fsmsgbody</description>
            		<posx>30</posx>
            		<posy>80</posy>
            		<width>500</width>
            		<height>450</height>
            		<spinposx>250</spinposx>
            		<spinposy>435</spinposy>
            		<textureup>XBscroll-up.png</textureup>
            		<texturedown>XBscroll-down.png</texturedown>
            		<textureupfocus>XBscroll-up-focus.png</textureupfocus>
            		<texturedownfocus>XBscroll-down-focus.png</texturedownfocus>
            		<font>font13</font>
            		<textcolor>FFFFFFFF</textcolor>
            		<onup>72</onup> 
            		<ondown>72</ondown>
            		<onleft>72</onleft>
           		<onright>61</onright>
			<animation effect="slide" start="-700,0" time="800">Visible</animation>
			<animation effect="slide" end="-700,0" time="800">Hidden</animation>
			<visible>Skin.HasSetting(emaildialog)</visible>
        	</control>
		<control type="image" id="91">
			<description>Big Attach Image</description>
			<posx>30</posx>
			<posy>80</posy>
			<width>480</width>
			<height>420</height>
			<texture>-</texture>
			<animation effect="slide" start="-700,0" time="800">Visible</animation>
			<animation effect="slide" end="-700,0" time="800">Hidden</animation>
			<visible>Skin.HasSetting(emaildialog)</visible>
		</control>
		<control type="list" id="50">
			<animation effect="slide" start="-700,0" time="800">Visible</animation>
			<animation effect="slide" end="-700,0" time="800">Hidden</animation>
			<visible>Skin.HasSetting(emaildialog)</visible>
			<posx>30</posx>
			<posy>80</posy>
			<width>500</width>
			<height>420</height>
			<onleft>50</onleft>
			<onright>81</onright>
			<onup>50</onup>
			<ondown>64</ondown>
			<viewtype label="535">list</viewtype>
			<itemlayout height="27">
				<control type="label">
					<posx>0</posx>
					<posy>0</posy>
					<width>500</width>
					<height>22</height>
					<font>font13</font>
					<selectedcolor>FFe2ff43</selectedcolor>
					<align>left</align>
					<info>ListItem.Label</info>
				</control>
			</itemlayout>
			<focusedlayout height="27">
				<control type="image">
					<width>500</width>
					<height>25</height>
					<posx>0</posx>
					<posy>0</posy>
					<visible>Control.HasFocus(50)</visible>
					<texture>XBlist-focus.png</texture>
				</control>
				<control type="label">
					<posx>0</posx>
					<posy>0</posy>
					<width>500</width>
					<height>22</height>
					<font>font13</font>
					<selectedcolor>FFe2ff43</selectedcolor>
					<align>left</align>
					<info>ListItem.Label</info>
				</control>
			</focusedlayout>
		</control>	
		<control type="group" id="9000">
			<animation effect="slide" start="-700,0" time="800">Visible</animation>
			<animation effect="slide" end="-700,0" time="800">Hidden</animation>
			<visible>Skin.HasSetting(emaildialog)</visible>
			<posx>340</posx>
			<posy>505</posy>
			<control type="button" id="61">
				<description>Reply Button</description>
				<posx>1</posx>
				<posy>0</posy>
      				<textoffsetx>2</textoffsetx>
      				<textoffsety></textoffsety>
				<label>R</label>
				<onright>62</onright>
				<onup>61</onup>
				<ondown>61</ondown>
				<onleft>72</onleft>
				<align>center</align>
				<aligny>center</aligny>
      				<texturefocus>XBbuttonF.png</texturefocus>
				<texturenofocus>XBbuttonNF.png</texturenofocus>
				<disabledcolor>60ffffff</disabledcolor>
				<width>36</width>
				<height>35</height>
			</control>
			<control type="button" id="62">
				<description>Forward Button</description>
				<posx>40</posx>
				<posy>0</posy>
      				<textoffsetx>2</textoffsetx>
      				<textoffsety></textoffsety>
				<label>F</label>
				<onup>62</onup>
				<onleft>61</onleft>
				<onright>63</onright>
				<ondown>62</ondown>
				<align>center</align>
				<aligny>center</aligny>
      				<texturefocus>XBbuttonF.png</texturefocus>
				<texturenofocus>XBbuttonNF.png</texturenofocus>
				<disabledcolor>60ffffff</disabledcolor>
				<width>36</width>
				<height>35</height>
			</control>
			<control type="button" id="63">
				<description>Delete Button</description>
				<posx>78</posx>
				<posy>0</posy>
      				<textoffsetx>2</textoffsetx>
      				<textoffsety></textoffsety>
				<label>D</label>
				<onup>63</onup>
				<onleft>62</onleft>
				<onright>65</onright>
				<ondown>63</ondown>
				<align>center</align>
				<aligny>center</aligny>
      				<texturefocus>XBbuttonF.png</texturefocus>
				<texturenofocus>XBbuttonNF.png</texturenofocus>
				<disabledcolor>60ffffff</disabledcolor>
				<width>36</width>
				<height>35</height>
			</control>
			<control type="button" id="65">
				<description>Delete Button</description>
				<posx>117</posx>
				<posy>0</posy>
      				<textoffsetx>2</textoffsetx>
      				<textoffsety></textoffsety>
				<label>M</label>
				<onup>65</onup>
				<onleft>63</onleft>
				<onright>64</onright>
				<ondown>65</ondown>
				<align>center</align>
				<aligny>center</aligny>
      				<texturefocus>XBbuttonF.png</texturefocus>
				<texturenofocus>XBbuttonNF.png</texturenofocus>
				<disabledcolor>60ffffff</disabledcolor>
				<width>36</width>
				<height>35</height>
			</control>
			<control type="button" id="64">
				<description>Attach Button</description>
				<posx>156</posx>
				<posy>0</posy>
      				<textoffsetx>2</textoffsetx>
      				<textoffsety></textoffsety>
				<label>A</label>
				<onup>50</onup>
				<onleft>65</onleft>
				<onright>81</onright>
				<ondown>64</ondown>
				<align>center</align>
				<aligny>center</aligny>
      				<texturefocus>XBbuttonF.png</texturefocus>
				<texturenofocus>XBbuttonNF.png</texturenofocus>
				<disabledcolor>60ffffff</disabledcolor>
				<width>36</width>
				<height>35</height>
			</control>
		</control>
    </controls>

</window>
