<window>
	<controls>
		<control type="image" id="78">
			<description>attachpanel</description>
			<posx>350</posx>
			<posy>0</posy>
			<width>395</width>
			<height>600</height>
			<texture>XBattach.png</texture>
			<animation effect="slide" start="-200,0" time="800">Visible</animation>
			<animation effect="slide" end="-200,0" time="800">Hidden</animation>
			<visible>Skin.HasSetting(attachlistnotempty)</visible>
		</control>
  		<control type="label" id="89">
        		<description>Attachments Label</description>
        		<posx>565</posx>
        		<posy>50</posy>
        		<width>150</width>
        		<label>-</label>
        		<font>special13</font>
        		<textcolor>FFB2D4F5</textcolor>
			<animation effect="slide" start="-200,0" time="800">Visible</animation>
			<animation effect="slide" end="-200,0" time="800">Hidden</animation>
			<visible>Skin.HasSetting(attachlistnotempty)</visible>
  		</control>
  		<control type="label" id="90">
        		<description>Attachments Size Label</description>
        		<posx>565</posx>
        		<posy>500</posy>
        		<width>150</width>
        		<label>-</label>
        		<font>special13</font>
        		<textcolor>FFB2D4F5</textcolor>
			<animation effect="slide" start="-200,0" time="800">Visible</animation>
			<animation effect="slide" end="-200,0" time="800">Hidden</animation>
			<visible>Skin.HasSetting(attachlistnotempty)</visible>
  		</control>
		<control type="image">
			<description>Attachment Background Image</description>
			<posx>535</posx>
			<posy>280</posy>
			<width>190</width>
			<height>190</height>
			<texture>XBattachempty.png</texture>
			<aspectratio>keep</aspectratio>
			<animation effect="slide" start="-200,0" time="800">Visible</animation>
			<animation effect="slide" end="-200,0" time="800">Hidden</animation>
			<visible>Skin.HasSetting(attachlistnotempty)</visible>
		</control>
		<control type="image" id="80">
			<description>Attachment Image</description>
			<posx>552</posx>
			<posy>290</posy>
			<width>155</width>
			<height>155</height>
			<texture>-</texture>
			<aspectratio>keep</aspectratio>
			<animation effect="slide" start="-200,0" time="800">Visible</animation>
			<animation effect="slide" end="-200,0" time="800">Hidden</animation>
			<visible>Skin.HasSetting(attachlistnotempty)</visible>
		</control>
		<control type="list" id="81">
			<animation effect="slide" start="-200,0" time="800">Visible</animation>
			<animation effect="slide" end="-200,0" time="800">Hidden</animation>
			<visible>Skin.HasSetting(attachlistnotempty)</visible>
			<posx>557</posx>
			<posy>80</posy>
			<width>150</width>
			<height>170</height>
			<onleft>62</onleft>
			<onright>81</onright>
			<onup>81</onup>
			<ondown>81</ondown>
			<viewtype label="535">list</viewtype>
			<itemlayout height="27">
				<control type="label">
					<posx>0</posx>
					<posy>0</posy>
					<width>145</width>
					<height>22</height>
					<font>font13</font>
					<selectedcolor>FFe2ff43</selectedcolor>
					<align>left</align>
					<info>ListItem.Label</info>
				</control>
			</itemlayout>
			<focusedlayout height="27">
				<control type="image">
					<width>150</width>
					<height>25</height>
					<posx>0</posx>
					<posy>0</posy>
					<visible>Control.HasFocus(81)</visible>
					<texture>XBlist-focus.png</texture>
				</control>
				<control type="label">
					<posx>0</posx>
					<posy>0</posy>
					<width>145</width>
					<height>22</height>
					<font>font13</font>
					<selectedcolor>FFe2ff43</selectedcolor>
					<align>left</align>
					<info>ListItem.Label</info>
				</control>
			</focusedlayout>
		</control>
		<control type="image" id="71">
			<description>fsoverlay</description>
			<posx>-40</posx>
			<posy>0</posy>
			<width>650</width>
			<height>600</height>
			<texture>XBcompose.png</texture>
			<animation effect="slide" start="-700,0" time="800">Visible</animation>
			<animation effect="slide" end="-700,0" time="800">Hidden</animation>
			<visible>Skin.HasSetting(emaildialog)</visible>
		</control>
        	<control type="fadelabel" id="73">
			<description>Compose From:</description>
			<animation effect="slide" start="-700,0" time="800">Visible</animation>
			<animation effect="slide" end="-700,0" time="800">Hidden</animation>
			<visible>Skin.HasSetting(emaildialog)</visible>
			<width>524</width>
			<posx>20</posx>
			<posy>50</posy>
			<align>right</align>
			<font>special13</font>
			<textcolor>FFB2D4F5</textcolor>
		</control> 
		<control type="list" id="82">
            	<posx>124</posx>
            	<posy>77</posy>
            	<width>426</width>
            	<height>400</height>
		<onup>9000</onup>
		<ondown>50</ondown>
		<onleft>82</onleft>
		<onright>81</onright>
		<scrolltime>200</scrolltime>
		<animation effect="slide" start="-700,0" time="800">Visible</animation>
		<animation effect="slide" end="-700,0" time="800">Hidden</animation>
		<visible>Skin.HasSetting(emaildialog)</visible>
			<itemlayout height="35">
				<control type="label">
					<posx>2</posx>
					<posy>3</posy>
					<width>426</width>
					<height>16</height>
					<align>left</align>
					<font>special13</font>
					<info>ListItem.Label</info>
				</control>
			</itemlayout>
			<focusedlayout height="35">
				<control type="image">
					<width>426</width>
					<height>32</height>
					<posx>0</posx>
					<posy>0</posy>
					<texture>XBlist-focus.png</texture>
					<visible>Control.HasFocus(82)</visible>
				</control>
				<control type="label">
					<posx>2</posx>
					<posy>3</posy>
					<width>426</width>
					<height>16</height>
					<align>left</align>
					<font>special13</font>
					<info>ListItem.Label</info>
				</control>
			</focusedlayout>
		</control>
		<control type="group" id="9001">
			<animation effect="slide" start="-700,0" time="800">Visible</animation>
			<animation effect="slide" end="-700,0" time="800">Hidden</animation>
			<visible>Skin.HasSetting(emaildialog)</visible>
			<posx>118</posx>
			<posy>77</posy>
  			<control type="label" id="84">
        			<description>To: Label</description>
        			<posx>-7</posx>
        			<posy>2</posy>
				<label>-</label>
				<align>right</align>
        			<width>100</width>
        			<font>special13</font>
  			</control>
  			<control type="label" id="85">
        			<description>cc: Label</description>
        			<posx>-7</posx>
        			<posy>37</posy>
				<label>-</label>
				<align>right</align>
        			<width>100</width>
        			<font>special13</font>
  			</control>
  			<control type="label" id="86">
        			<description>bcc: Label</description>
        			<posx>-7</posx>
        			<posy>72</posy>
				<label>-</label>
				<align>right</align>
        			<width>100</width>
        			<font>special13</font>
  			</control>
 			<control type="label" id="87">
        			<description>subject: Label</description>
        			<posx>-7</posx>
        			<posy>108</posy>
				<label>-</label>
				<align>right</align>
        			<width>100</width>
        			<font>special13</font>
  			</control>
		</control> 
		<control type="list" id="50">
			<animation effect="slide" start="-700,0" time="800">Visible</animation>
			<animation effect="slide" end="-700,0" time="800">Hidden</animation>
			<visible>Skin.HasSetting(emaildialog)</visible>
			<posx>40</posx>
			<posy>220</posy>
			<width>510</width>
			<height>270</height>
			<onleft>69</onleft>
			<onright>82</onright>
			<onup>82</onup>
			<ondown>9000</ondown>
			<viewtype label="535">list</viewtype>
			<pagecontrol>69</pagecontrol>
			<scrolltime>200</scrolltime>
			<itemlayout height="20">
				<control type="label">
					<posx>5</posx>
					<posy>0</posy>
					<width>510</width>
					<height>22</height>
					<font>font13</font>
					<selectedcolor>FFe2ff43</selectedcolor>
					<info>ListItem.Label</info>
				</control>
			</itemlayout>
			<focusedlayout height="20">
				<control type="image">
					<width>510</width>
					<height>20</height>
					<posx>0</posx>
					<posy>0</posy>
					<visible>Control.HasFocus(50)</visible>
					<texture>XBlist-focus.png</texture>
				</control>
				<control type="label">
					<posx>5</posx>
					<posy>0</posy>
					<width>510</width>
					<height>22</height>
					<font>font13</font>
					<selectedcolor>FFe2ff43</selectedcolor>
					<info>ListItem.Label</info>
				</control>
			</focusedlayout>
		</control>
		<control type="scrollbar" id="69">
			<animation effect="slide" start="-700,0" time="800">Visible</animation>
			<animation effect="slide" end="-700,0" time="800">Hidden</animation>
			<visible>Skin.HasSetting(emaildialog)</visible>
			<posx>20</posx>
			<posy>220</posy>
			<width>16</width>
			<height>282</height>
			<texturesliderbackground border="4">XBscrollbar_background.png</texturesliderbackground>
			<texturesliderbar border="3">XBscrollbar_bar.png</texturesliderbar>
			<texturesliderbarfocus border="3">XBscrollbar_bar_focus.png</texturesliderbarfocus>
			<textureslidernib>XBscrollbar_nib.png</textureslidernib>
			<textureslidernibfocus>XBscrollbar_nib_focus.png</textureslidernibfocus>
			<onleft>9000</onleft>
			<onright>50</onright>
			<showonepage>false</showonepage>
			<orientation>vertical</orientation>
		</control>	
		<control type="group" id="9000">
			<animation effect="slide" start="-700,0" time="800">Visible</animation>
			<animation effect="slide" end="-700,0" time="800">Hidden</animation>
			<visible>Skin.HasSetting(emaildialog)</visible>
			<posx>33</posx>
			<posy>505</posy>
			<control type="button" id="61">
				<description>Send Button</description>
				<posx>0</posx>
				<posy>0</posy>
      				<textoffsetx>2</textoffsetx>
      				<textoffsety></textoffsety>
				<label>-</label>
				<onright>63</onright>
				<onup>50</onup>
				<ondown>82</ondown>
				<onleft>61</onleft>
				<align>center</align>
				<aligny>center</aligny>
      				<texturefocus>XBbuttonF.png</texturefocus>
				<texturenofocus>XBbuttonNF.png</texturenofocus>
				<disabledcolor>60ffffff</disabledcolor>
				<width>94</width>
				<height>35</height>
			</control>
			<control type="button" id="63">
				<description>Clear Button</description>
				<posx>207</posx>
				<posy>0</posy>
      				<textoffsetx>2</textoffsetx>
      				<textoffsety></textoffsety>
				<label>-</label>
				<onright>62</onright>
				<onup>50</onup>
				<ondown>82</ondown>
				<onleft>61</onleft>
				<align>center</align>
				<aligny>center</aligny>
      				<texturefocus>XBbuttonF.png</texturefocus>
				<texturenofocus>XBbuttonNF.png</texturenofocus>
				<disabledcolor>60ffffff</disabledcolor>
				<width>94</width>
				<height>35</height>
			</control>
			<control type="button" id="62">
				<description>Add Attachment Button</description>
				<posx>414</posx>
				<posy>0</posy>
      				<textoffsetx>2</textoffsetx>
      				<textoffsety></textoffsety>
				<label>-</label>
				<onup>50</onup>
				<onleft>63</onleft>
				<onright>81</onright>
				<ondown>82</ondown>
				<align>center</align>
				<aligny>center</aligny>
      				<texturefocus>XBbuttonF.png</texturefocus>
				<texturenofocus>XBbuttonNF.png</texturenofocus>
				<disabledcolor>60ffffff</disabledcolor>
				<width>94</width>
				<height>35</height>
			</control>			
		</control>
    </controls>

</window>
