<window id="3000">
	<defaultcontrol>5000</defaultcontrol>
	<controls>
		<control type="image">
			<description>background image</description>
			<posx>0</posx>
			<posy>0</posy>
			<width>720</width>
			<height>88</height>
			<texture>background-apps.png</texture>
		</control>
		<control type="image" id="0">
			<description>contentpanel slice</description>
			<posx>0</posx>
			<posy>88</posy>
			<width>720</width>
			<height>510</height>
			<texture>contentpanel.png</texture>
		</control>
		<control type="label" id="1">
			<description>xbox media center label</description>
			<posx>200</posx>
			<posy>43</posy>
			<align>right</align>
			<label>xbox media center</label>
			<font>special12</font>
		</control>
		<control type="label" id="1">
			<description>description label</description>
			<posx>207</posx>
			<posy>43</posy>
			<align>left</align>
			<label>Changelog</label>
			<font>special13</font>
		</control>
        <control type="group" id="5000">
		<control type="label" id="6">
			<description>date label</description>
			<posx>640</posx>
			<posy>95</posy>
			<align>right</align>
			<label>-</label>
			<font>font12</font>
		</control>
		<control type="label" id="4">
			<description>header label</description>
			<posx>30</posx>
			<posy>95</posy>
			<font>font12</font>
			<animation effect="fade" start="0" end="100" delay="200" time="100" condition="!Skin.HasSetting(animated)">WindowOpen</animation>
			<animation effect="fade" start="100" end="0" delay="0" time="100" condition="!Skin.HasSetting(animated)">WindowClose</animation>
		</control>
		<control type="textbox" id="5">
			<description>textarea</description>
			<posx>30</posx>
			<posy>140</posy>
			<width>660</width>
			<height>415</height>
			<font>font12</font>
			<spinposx>600</spinposx>
			<spinposy>405</spinposy>
			<animation effect="fade" start="0" end="100" delay="200" time="100" condition="!Skin.HasSetting(animated)">WindowOpen</animation>
			<animation effect="fade" start="100" end="0" delay="0" time="100" condition="!Skin.HasSetting(animated)">WindowClose</animation>
		</control>
        </control>
		<include>windowswitchtransition</include>
	</controls>
</window>