<window>
	<defaultcontrol>9000</defaultcontrol>
    <allowoverlays>false</allowoverlays>
	<controls>
        <control type="group">
            <posx>20</posx>
            <posy>10</posy>
            <control type="image">
                <visible>Control.IsVisible(3000) | Control.IsVisible(4000)</visible>
                <description>background image</description>
                <posx>140</posx>
                <posy>200</posy>
                <width>350</width>
                <height>350</height>
                <aspectratio>keep</aspectratio>
                <texture>LCARS-galaxy.png</texture>
            </control>

            <control type="group">
                <description>upper panel</description>
                <control type="image">
                    <description>upper vertical</description>
                    <posx>20</posx>
                    <posy>0</posy>
                    <width>110</width>
                    <height>72</height>
                    <texture>LCARS-pixel.png</texture>
                    <colordiffuse>FFFF9900</colordiffuse><!--orange-->
                </control>
                <control type="image">
                    <description>upper middle vertical</description>
                    <posx>20</posx>
                    <posy>77</posy>
                    <width>110</width>
                    <height>27</height>
                    <texture>LCARS-pixel.png</texture>
                    <colordiffuse>FFCC6666</colordiffuse><!--red/purple-->
                </control>
                <control type="image">
                    <description>lower middle vertical</description>
                    <posx>20</posx>
                    <posy>109</posy>
                    <width>110</width>
                    <height>27</height>
                    <texture>LCARS-pixel.png</texture>
                    <colordiffuse>FFCC6666</colordiffuse><!--red/purple-->
                </control>
                <control type="image">
                    <description>left corner</description>
                    <posx>12</posx>
                    <posy>140</posy>
                    <width>143</width>
                    <height>64</height>
                    <texture flipy="true" border="64">LCARS-corner.png</texture>
                    <colordiffuse>FFCC6699</colordiffuse><!--red/purple-->
                </control>
                <control type="image">
                    <description>left horizontal</description>
                    <posx>158</posx>
                    <posy>167</posy>
                    <width>110</width>
                    <height>27</height>
                    <texture>LCARS-pixel.png</texture>
                    <colordiffuse>FFCC6666</colordiffuse><!--light blue-->
                </control>
                <control type="image">
                    <description>middle horizontal</description>
                    <posx>271</posx>
                    <posy>167</posy>
                    <width>280</width>
                    <height>27</height>
                    <texture>LCARS-pixel.png</texture>
                    <colordiffuse>FFCC6699</colordiffuse><!--light blue-->
                </control>
                <control type="image">
                    <description>right horizontal</description>
                    <posx>554</posx>
                    <posy>167</posy>
                    <width>110</width>
                    <height>27</height>
                    <texture>LCARS-pixel.png</texture>
                    <colordiffuse>FFCC6699</colordiffuse><!--red/purple-->
                </control>
            </control>
            
            <control type="group">
                <description>lower panel</description>
                <control type="image">
                    <description>left horizontal</description>
                    <posx>158</posx>
                    <posy>199</posy>
                    <width>110</width>
                    <height>27</height>
                    <texture>LCARS-pixel.png</texture>
                    <colordiffuse>FFFF9900</colordiffuse><!--orange-->
                </control>
                <control type="image">
                    <description>middle horizontal</description>
                    <posx>271</posx>
                    <posy>199</posy>
                    <width>280</width>
                    <height>27</height>
                    <texture>LCARS-pixel.png</texture>
                    <colordiffuse>FFCC99CC</colordiffuse><!--light purple-->
                </control>
                <control type="image">
                    <description>right horizontal</description>
                    <posx>554</posx>
                    <posy>199</posy>
                    <width>110</width>
                    <height>27</height>
                    <texture>LCARS-pixel.png</texture>
                    <colordiffuse>FFCC6699</colordiffuse><!--red/purple-->
                </control>
                <control type="image">
                    <description>left corner</description>
                    <posx>12</posx>
                    <posy>188</posy>
                    <width>143</width>
                    <height>64</height>
                    <texture border="64">LCARS-corner.png</texture>
                    <colordiffuse>FFCC99CC</colordiffuse><!--light purple-->
                </control>
                <control type="image">
                    <description>upper vertical</description>
                    <posx>20</posx>
                    <posy>256</posy>
                    <width>110</width>
                    <height>101</height>
                    <texture>LCARS-pixel.png</texture>
                    <colordiffuse>FF9999CC</colordiffuse><!--light blue-->
                </control>
                <control type="image">
                    <description>lower vertical</description>
                    <posx>20</posx>
                    <posy>362</posy>
                    <width>110</width>
                    <height>167</height>
                    <texture>LCARS-pixel.png</texture>
                    <colordiffuse>FFCC99CC</colordiffuse><!--light purple-->
                </control>
            </control>

            <control type="group">
                <description>center panel</description>
                <control type="image">
                    <description>upper vertical</description>
                    <posx>475</posx>
                    <posy>231</posy>
                    <width>31</width>
                    <height>31</height>
                    <texture>LCARS-pixel.png</texture>
                    <colordiffuse>FFCC6666</colordiffuse>
                </control>
                <control type="image">
                    <description>middle vertical</description>
                    <posx>475</posx>
                    <posy>267</posy>
                    <width>31</width>
                    <height>30</height>
                    <texture>LCARS-pixel.png</texture>
                    <colordiffuse>FFCC6666</colordiffuse>
                </control>
                <control type="image">
                    <description>lower vertical</description>
                    <posx>475</posx>
                    <posy>302</posy>
                    <width>31</width>
                    <height>169</height>
                    <texture>LCARS-pixel.png</texture>
                    <colordiffuse>FFFF9900</colordiffuse>
                </control>
                <control type="image">
                    <description>right corner</description>
                    <posx>450</posx>
                    <posy>475</posy>
                    <width>64</width>
                    <height>64</height>
                    <texture border="32,0,32,0" flipx="true" flipy="true">LCARS-corner.png</texture>
                    <colordiffuse>FFFFCC99</colordiffuse><!--purple-->
                </control>
                <control type="image">
                    <description>left horizontal</description>
                    <posx>133</posx>
                    <posy>501</posy>
                    <width>224</width>
                    <height>27</height>
                    <texture>LCARS-pixel.png</texture>
                    <colordiffuse>FFFF9900</colordiffuse><!--blue-->
                </control>
                <control type="image">
                    <description>right horizontal</description>
                    <posx>360</posx>
                    <posy>501</posy>
                    <width>87</width>
                    <height>27</height>
                    <texture>LCARS-pixel.png</texture>
                    <colordiffuse>FFFFCC99</colordiffuse><!--blue-->
                </control>
            </control>
            <!-- ** Required ** Do not change id or type-->
            <control type="label" id="20">
                <description>Title Label</description>
                <posx>660</posx>
                <posy>-5</posy>
                <width>300</width>
                <align>right</align>
                <font>lcars-heading</font>
                <textcolor>FFFF9900</textcolor>
            </control>
            <!-- ** Required ** Do not change id or type-->
            <control type="label" id="30">
                <description>Category Label</description>
                <posx>125</posx>
                <posy>42</posy>
                <width>130</width>
                <align>right</align>
                <label></label>
                <font>lcars-medium</font>
                <textcolor>FF000000</textcolor>
            </control>
        </control>
		
        <!-- Button Group -->
        <!-- ** Required ** Do not change id or type-->
		<control type="group" id="9000">
			<posx>20</posx>
			<posy>10</posy>
            <visible>Control.IsVisible(3000) | Control.IsVisible(4000)</visible>
			<control type="button" id="2">
                <visible>false</visible>
				<description>View As Icons button</description>
				<posx>13</posx>
				<posy>225</posy>
				<width>130</width>
				<height>30</height>
				<label>100</label>
				<texturefocus>amt-button-focus.png</texturefocus>
				<texturenofocus>amt-button-nofocus.png</texturenofocus>
				<font>lcars-medium</font>
				<textcolor>FF000000</textcolor>
                <focusedcolor>FFFFFF00</focusedcolor>
				<disabledcolor>60ffffff</disabledcolor>
				<align>right</align>
				<onleft>2650</onleft>
				<onright>50</onright>
				<onup>2077</onup>
				<ondown>100</ondown>
				<enable>Control.IsVisible(3000)</enable>
			</control>
            <!-- ** Required ** Do not change id or type-->
			<control type="button" id="100">
				<description>Shortcut1 Button</description>
				<posx>13</posx>
				<posy>256</posy>
				<width>130</width>
				<height>30</height>
				<texturefocus>amt-button-focus.png</texturefocus>
				<texturenofocus>amt-button-nofocus.png</texturenofocus>
				<font>lcars-medium</font>
				<textcolor>FF000000</textcolor>
                <focusedcolor>FFFFFF00</focusedcolor>
				<disabledcolor>60ffffff</disabledcolor>
				<align>right</align>
				<onleft>2650</onleft>
				<onright>50</onright>
				<onup>2</onup>
				<ondown>101</ondown>
				<onclick>-</onclick>
			</control>
            <!-- ** Required ** Do not change id or type-->
			<control type="button" id="101">
				<description>Shortcut2 Button</description>
				<posx>13</posx>
				<posy>292</posy>
				<width>130</width>
				<height>30</height>
				<texturefocus>amt-button-focus.png</texturefocus>
				<texturenofocus>amt-button-nofocus.png</texturenofocus>
				<font>lcars-medium</font>
				<textcolor>FF000000</textcolor>
                <focusedcolor>FFFFFF00</focusedcolor>
				<disabledcolor>60ffffff</disabledcolor>
				<aligny>center</aligny>
				<align>right</align>
				<onleft>2650</onleft>
				<onright>50</onright>
				<onup>100</onup>
				<ondown>102</ondown>
				<onclick>-</onclick>
			</control>
            <!-- ** Required ** Do not change id or type-->
			<control type="button" id="102">
				<description>Shortcut3 Button</description>
				<posx>13</posx>
				<posy>328</posy>
				<width>130</width>
				<height>30</height>
				<texturefocus>amt-button-focus.png</texturefocus>
				<texturenofocus>amt-button-nofocus.png</texturenofocus>
				<font>lcars-medium</font>
				<align>right</align>
				<textcolor>FF000000</textcolor>
                <focusedcolor>FFFFFF00</focusedcolor>
				<disabledcolor>60ffffff</disabledcolor>
				<aligny>center</aligny>
				<onleft>2650</onleft>
				<onright>50</onright>
				<onup>101</onup>
				<ondown>103</ondown>
				<onclick>-</onclick>
			</control>
            <!-- ** Required ** Do not change id or type-->
			<control type="button" id="103">
				<description>Genre Button</description>
				<posx>13</posx>
				<posy>365</posy>
				<width>130</width>
				<height>30</height>
				<texturefocus>amt-button-focus.png</texturefocus>
				<texturenofocus>amt-button-nofocus.png</texturenofocus>
				<font>lcars-medium</font>
				<textcolor>FF000000</textcolor>
                <focusedcolor>FFFFFF00</focusedcolor>
				<disabledcolor>60ffffff</disabledcolor>
				<align>right</align>
				<aligny>center</aligny>
				<onleft>2650</onleft>
				<onright>50</onright>
				<onup>102</onup>
				<ondown>104</ondown>
				<onclick>-</onclick>
			</control>
            <!-- ** Required ** Do not change id or type-->
			<control type="button" id="104">
				<description>Studio Button</description>
				<posx>13</posx>
				<posy>398</posy>
				<width>130</width>
				<height>30</height>
				<texturefocus>amt-button-focus.png</texturefocus>
				<texturenofocus>amt-button-nofocus.png</texturenofocus>
				<font>lcars-medium</font>
				<textcolor>FF000000</textcolor>
				<align>right</align>
                <focusedcolor>FFFFFF00</focusedcolor>
				<disabledcolor>60ffffff</disabledcolor>
				<aligny>center</aligny>
				<onleft>2650</onleft>
				<onright>50</onright>
				<onup>103</onup>
				<ondown>105</ondown>
				<onclick>-</onclick>
			</control>
            <!-- ** Required ** Do not change id or type-->
			<control type="button" id="105">
				<description>Actor Button</description>
				<posx>13</posx>
				<posy>431</posy>
				<width>130</width>
				<height>30</height>
				<texturefocus>amt-button-focus.png</texturefocus>
				<texturenofocus>amt-button-nofocus.png</texturenofocus>
				<font>lcars-medium</font>
				<align>right</align>
				<textcolor>FF000000</textcolor>
                <focusedcolor>FFFFFF00</focusedcolor>
				<disabledcolor>60ffffff</disabledcolor>
				<aligny>center</aligny>
				<onleft>2650</onleft>
				<onright>50</onright>
				<onup>104</onup>
				<ondown>106</ondown>
				<onclick>-</onclick>
			</control>
            <!-- ** Required ** Do not change id or type-->
			<control type="button" id="106">
				<description>Search Button</description>
				<posx>13</posx>
				<posy>464</posy>
				<width>130</width>
				<height>30</height>
				<texturefocus>amt-button-focus.png</texturefocus>
				<texturenofocus>amt-button-nofocus.png</texturenofocus>
				<align>right</align>
				<font>lcars-medium</font>
				<textcolor>FF000000</textcolor>
                <focusedcolor>FFFFFF00</focusedcolor>
				<disabledcolor>60ffffff</disabledcolor>
				<aligny>center</aligny>
				<onleft>2650</onleft>
				<onright>50</onright>
				<onup>105</onup>
				<ondown>107</ondown>
				<onclick>-</onclick>
			</control>
            <!-- ** Required ** Do not change id or type-->
			<control type="button" id="107">
				<description>Settings Button</description>
				<posx>13</posx>
				<posy>497</posy>
				<width>130</width>
				<height>30</height>
				<texturefocus>amt-button-focus.png</texturefocus>
				<align>right</align>
				<texturenofocus>amt-button-nofocus.png</texturenofocus>
				<font>lcars-medium</font>
				<textcolor>FF000000</textcolor>
                <focusedcolor>FFFFFF00</focusedcolor>
				<disabledcolor>60ffffff</disabledcolor>
				<aligny>center</aligny>
				<onleft>2650</onleft>
				<onright>50</onright>
				<onup>106</onup>
				<ondown>108</ondown>
				<onclick>-</onclick>
			</control>
            <!-- ** Required ** Do not change id or type-->
			<control type="button" id="108">
				<description>Credits Button</description>
				<posx>13</posx>
				<posy>502</posy>
				<width>130</width>
				<height>30</height>
				<texturefocus>amt-button-focus.png</texturefocus>
				<texturenofocus>amt-button-nofocus.png</texturenofocus>
				<font>lcars-medium</font>
				<textcolor>FF000000</textcolor>
                <focusedcolor>FFFFFF00</focusedcolor>
				<disabledcolor>60ffffff</disabledcolor>
				<align>right</align>
				<aligny>center</aligny>
				<onleft>2650</onleft>
				<onright>50</onright>
				<onup>107</onup>
				<ondown>109</ondown>
				<onclick>-</onclick>
                <visible>false</visible>
			</control>
            <!-- ** Required ** Do not change id or type-->
			<control type="button" id="109">
				<description>Update Script Button</description>
				<posx>13</posx>
				<posy>502</posy>
				<width>130</width>
				<height>30</height>
				<texturefocus>amt-button-focus.png</texturefocus>
				<texturenofocus>amt-button-nofocus.png</texturenofocus>
				<font>lcars-medium</font>
				<textcolor>FF000000</textcolor>
                <focusedcolor>FFFFFF00</focusedcolor>
				<disabledcolor>60ffffff</disabledcolor>
				<aligny>center</aligny>
				<onleft>2650</onleft>
				<onright>50</onright>
				<onup>108</onup>
				<ondown>2076</ondown>
				<align>right</align>
				<onclick>-</onclick>
                <visible>false</visible>
			</control>
		</control>
		
        <!-- Trailer list controls -->
        <!-- ** Required ** Do not change id or type-->
		<control type="group" id="3000">
			<posx>20</posx>
			<posy>10</posy>
            <!--onleft>9000</onleft>
            <onright>4000</onright-->
            <!-- ** Required ** Do not change id or type-->
			<control type="list" id="50">
				<posx>136</posx>
				<posy>235</posy>
				<width>330</width>
				<height>261</height>
				<onleft>9000</onleft>
				<onright>2550</onright>
				<onup>50</onup>
				<ondown>50</ondown>
				<viewtype label="544">Media Info</viewtype>
				<pagecontrol>2050</pagecontrol>
				<scrolltime>200</scrolltime>
				<itemlayout height="29">
					<control type="image">
						<width>310</width>
						<height>29</height>
						<posx>10</posx>
						<posy>0</posy>
						<texture>amt-list-nofocus.png</texture>
					</control>
					<control type="image">
						<posx>3</posx>
						<posy>2</posy>
						<width>15</width>
						<height>25</height>
                        <info>ListItem.Icon</info>
					</control>
					<control type="label">
						<posx>20</posx>
						<posy>3</posy>
						<width>290</width>
						<height>23</height>
						<font>lcars-medium</font>
						<aligny>center</aligny>
                        <selectedcolor>FFe2ff43</selectedcolor>
                        <textcolor>FFFF9900</textcolor>
						<align>left</align>
						<info>ListItem.Label</info>
					</control>
					<control type="label">
						<posx>315</posx>
						<posy>3</posy>
						<width>200</width>
						<height>23</height>
						<font>lcars-medium</font>
						<aligny>center</aligny>
                        <selectedcolor>FFe2ff43</selectedcolor>
						<textcolor>FFCC99CC</textcolor>
						<align>right</align>
						<info>ListItem.Label2</info>
					</control>
					<control type="image">
						<posx>315</posx>
						<posy>2</posy>
						<width>15</width>
						<height>25</height>
                        <info>ListItem.Icon</info>
                        <texture flipx="true" />
					</control>
				</itemlayout>
				<focusedlayout height="29">
					<control type="image">
						<width>310</width>
						<height>29</height>
						<posx>10</posx>
						<posy>0</posy>
						<visible>!Control.HasFocus(50)</visible>
						<texture>amt-list-nofocus.png</texture>
					</control>
					<control type="image">
						<width>310</width>
						<height>29</height>
						<posx>10</posx>
						<posy>0</posy>
						<visible>Control.HasFocus(50)</visible>
						<texture>amt-list-focus2.png</texture>
					</control>
					<control type="image">
						<posx>3</posx>
						<posy>2</posy>
						<width>15</width>
						<height>25</height>
						<info>ListItem.Icon</info>
					</control>
					<control type="label">
						<posx>20</posx>
						<posy>3</posy>
						<width>290</width>
						<height>23</height>
						<font>lcars-medium</font>
						<aligny>center</aligny>
                        <selectedcolor>FFe2ff43</selectedcolor>
                        <textcolor>FFFF9900</textcolor>
						<align>left</align>
						<info>ListItem.Label</info>
					</control>
					<control type="label">
						<posx>315</posx>
						<posy>3</posy>
						<width>200</width>
						<height>23</height>
						<font>lcars-medium</font>
						<aligny>center</aligny>
                        <selectedcolor>FFe2ff43</selectedcolor>
						<textcolor>FFCC99CC</textcolor>
						<align>right</align>
						<info>ListItem.Label2</info>
					</control>
					<control type="image">
						<posx>315</posx>
						<posy>2</posy>
						<width>15</width>
						<height>25</height>
                        <info>ListItem.Icon</info>
                        <texture flipx="true" />
					</control>
				</focusedlayout>
			</control>
            <control type="group" id="2550">
                <onleft>50</onleft>
                <onright>60</onright>
                <animation effect="fade" time="1000">VisibileChange</animation>
                <control type="button" id="2560">
                    <description>Trailer List Scrollbar Up Arrow</description>
                        <posx>478</posx>
                        <posy>235</posy>
                        <width>25</width>
                        <height>20</height>
                    <texturenofocus>LCARS-page-control.png</texturenofocus>
                    <texturefocus>LCARS-page-control-focus.png</texturefocus>
                    <onclick>PageUp(2050)</onclick>
                    <onleft>50</onleft>
                    <onright>60</onright>
                    <ondown>2561</ondown>
                    <onup>70</onup>
                </control>
                <control type="scrollbar" id="2050">
                    <visible>false</visible>
                    <description>Scroll Bar for Trailer List #50</description>
                    <texturesliderbackground>-</texturesliderbackground>
                    <texturesliderbar>-</texturesliderbar>
                    <texturesliderbarfocus>-</texturesliderbarfocus>
                    <textureslidernib>-</textureslidernib>
                    <textureslidernibfocus>-</textureslidernibfocus>
                    <orientation>vertical</orientation>
                </control>
                <control type="button" id="2561">
                    <description>Trailer List Scrollbar Down Arrow</description>
                        <posx>478</posx>
                        <posy>273</posy>
                        <width>25</width>
                        <height>20</height>
                    <texturenofocus flipy="true">LCARS-page-control.png</texturenofocus>
                    <texturefocus flipy="true">LCARS-page-control-focus.png</texturefocus>
                    <onclick>PageDown(2050)</onclick>
                    <onleft>50</onleft>
                    <onright>60</onright>
                    <onup>2560</onup>
                </control>
            </control>

            <control type="group">
                <visible>Control.IsVisible(50)</visible>
                <control type="image">
                    <description>Trailer Poster</description>
                    <posx>495</posx>
                    <posy>240</posy>
                    <width>182</width>
                    <height>261</height>
                    <info>ListItem.ActualIcon</info>
                    <texture>-</texture>
                    <aspectratio aligny="bottom">keep</aspectratio>
                </control>
                <!-- ** Required ** Do not change id or type-->
                <control type="image" id="202">
                    <description>Trailer Rating</description>
                    <posx>601</posx>
                    <posy>335</posy>
                    <width>66</width>
                    <height>15</height>
                    <texture>-</texture>
                    <aspectratio>keep</aspectratio>
                    <visible>Control.IsVisible(50)</visible>
                </control>
                <!-- ** Required ** Do not change id or type-->
                <control type="image" id="203">
                    <description>Trailer Favorite Overlay</description>
                    <posx>713</posx>
                    <posy>335</posy>
                    <width>16</width>
                    <height>16</height>
                    <texture>amt-overlay-favorite.png</texture>
                    <aspectratio>keep</aspectratio>
                    <visible>Control.IsVisible(50)</visible>
                </control>
                <!-- ** Required ** Do not change id or type-->
                <control type="image" id="204">
                    <description>Trailer Watched Overlay</description>
                    <posx>701</posx>
                    <posy>335</posy>
                    <width>16</width>
                    <height>16</height>
                    <texture>amt-overlay-watched.png</texture>
                    <aspectratio>keep</aspectratio>
                    <visible>Control.IsVisible(50)</visible>
                </control>
                <control type="image" id="205">
                    <description>Trailer Saved Overlay</description>
                    <posx>689</posx>
                    <posy>335</posy>
                    <width>16</width>
                    <height>16</height>
                    <texture>amt-overlay-saved.png</texture>
                    <aspectratio>keep</aspectratio>
                    <visible>Control.IsVisible(50)</visible>
                </control>
            </control>

            <!-- ** Required ** Do not change id or type-->
            <control type="label" id="206">
				<description>Trailer Title</description>
				<posx>140</posx>
				<posy>30</posy>
				<width>300</width>
				<align>left</align>
				<info>ListItem.Label</info>
				<font>lcars-medium</font>
				<textcolor>FFCC99CC</textcolor>
                <scroll>true</scroll>
                <disabledcolor>FFe2ff43</disabledcolor>
			</control>
            <!-- ** Required ** Do not change id or type-->
            <control type="label" id="2150">
				<description>Trailer List Count Label</description>
				<width>100</width>
				<posx>442</posx>
				<posy>500</posy>
				<align>right</align>
				<label>-</label>
				<font>lcars-small</font>
				<textcolor>FF000000</textcolor>
			</control>

		</control>

        <!-- ** Required ** Do not change id or type-->
        <control type="button" id="175">
            <description>Plot Button</description>
            <texturefocus>-</texturefocus>
            <texturenofocus>-</texturenofocus>
            <visible>Control.IsVisible(50) + Control.IsVisible(3000)</visible>
        </control>
        <!-- ** Required ** Do not change id or type-->
        <control type="button" id="170">
            <description>Cast Button</description>
            <texturefocus>-</texturefocus>
            <texturenofocus>-</texturenofocus>
            <visible>Control.IsVisible(50) + Control.IsVisible(3000)</visible>
        </control>

        <control type="group">
            <posx>20</posx>
            <posy>10</posy>
            <!-- ** Required ** Do not change id or type-->
            <control type="textbox" id="75">
				<description>Trailer Plot</description>
				<posx>140</posx>
				<posy>65</posy>
				<width>300</width>
				<height>100</height>
				<font>lcars-small</font>
				<textcolor>FFFF9900</textcolor>
				<onup>75</onup>
				<ondown>75</ondown>
				<onleft>2050</onleft>
				<onright>2075</onright>
				<pagecontrol>2075</pagecontrol>
				<textureup>amt-scroll-up.png</textureup>
				<texturedown>amt-scroll-down.png</texturedown>
				<textureupfocus>amt-scroll-up-focus.png</textureupfocus>
				<texturedownfocus>amt-scroll-down-focus.png</texturedownfocus>
				<visible allowhiddenfocus="false">Control.IsVisible(170)</visible>
			</control>
            <control type="group" id="2700">
                <onleft>70</onleft>
                <onright>70</onright>
                <visible>Control.IsVisible(75)</visible>
                <control type="button" id="2076">
                    <posx>65</posx>
                    <posy>80</posy>
                    <width>25</width>
                    <height>20</height>
                    <texturenofocus>LCARS-page-control.png</texturenofocus>
                    <texturefocus>LCARS-page-control-focus.png</texturefocus>
                    <onclick>PageUp(2075)</onclick>
                    <onleft>70</onleft>
                    <onright>70</onright>
                    <ondown>2077</ondown>
                    <onup>109</onup>
                </control>
                <control type="scrollbar" id="2075">
                    <visible>false</visible>
                    <description>Scroll Bar for Trailer List #50</description>
                    <texturesliderbackground>-</texturesliderbackground>
                    <texturesliderbar>-</texturesliderbar>
                    <texturesliderbarfocus>-</texturesliderbarfocus>
                    <textureslidernib>-</textureslidernib>
                    <textureslidernibfocus>-</textureslidernibfocus>
                    <orientation>vertical</orientation>
                </control>
                <control type="button" id="2077">
                    <posx>65</posx>
                    <posy>112</posy>
                    <width>25</width>
                    <height>20</height>
                    <texturenofocus flipy="true">LCARS-page-control.png</texturenofocus>
                    <texturefocus flipy="true">LCARS-page-control-focus.png</texturefocus>
                    <onclick>PageDown(2075)</onclick>
                    <onleft>70</onleft>
                    <onright>70</onright>
                    <ondown>2</ondown>
                    <onup>2076</onup>
                </control>
            </control>

            <!-- ** Required ** Do not change id or type-->
			<control type="list" id="70">
                <description>Cast List</description>
				<posx>480</posx>
				<posy>65</posy>
				<width>180</width>
				<height>90</height>
				<onleft>2700</onleft>
				<onright>2700</onright>
				<onup>70</onup>
				<ondown>70</ondown>
				<viewtype label="535">list</viewtype>
				<pagecontrol>2070</pagecontrol>
				<scrolltime>200</scrolltime>
				<visible allowhiddenfocus="false">Control.IsVisible(75)</visible>
				<itemlayout height="29">
					<control type="image">
						<width>180</width>
						<height>29</height>
						<posx>0</posx>
						<posy>0</posy>
						<texture>amt-list-nofocus.png</texture>
					</control>
					<control type="image">
						<posx>0</posx>
						<posy>3</posy>
						<width>22</width>
						<height>22</height>
						<info>ListItem.Icon</info>
					</control>
					<control type="label">
						<posx>178</posx>
						<posy>3</posy>
						<width>123</width>
						<height>22</height>
						<font>lcars-small</font>
						<aligny>center</aligny>
                        <selectedcolor>FFe2ff43</selectedcolor>
                        <textcolor>FFFF9900</textcolor>
						<align>right</align>
						<info>ListItem.Label</info>
					</control>
				</itemlayout>
				<focusedlayout height="29">
					<control type="image">
						<width>180</width>
						<height>29</height>
						<posx>0</posx>
						<posy>0</posy>
						<visible>!Control.HasFocus(70)</visible>
						<texture>amt-list-nofocus.png</texture>
					</control>
					<control type="image">
						<width>180</width>
						<height>29</height>
						<posx>0</posx>
						<posy>0</posy>
						<visible>Control.HasFocus(70)</visible>
						<texture>amt-list-focus2.png</texture>
					</control>
					<control type="image">
						<posx>0</posx>
						<posy>3</posy>
						<width>22</width>
						<height>22</height>
						<info>ListItem.Icon</info>
					</control>
					<control type="label">
						<posx>178</posx>
						<posy>3</posy>
						<width>123</width>
						<height>22</height>
						<font>lcars-small</font>
						<aligny>center</aligny>
                        <selectedcolor>FFe2ff43</selectedcolor>
                        <textcolor>FFFF9900</textcolor>
						<align>right</align>
						<info>ListItem.Label</info>
					</control>
				</focusedlayout>
			</control>
			<control type="scrollbar" id="2070">
				<visible>false</visible>
				<texturesliderbackground></texturesliderbackground>
				<texturesliderbar></texturesliderbar>
				<texturesliderbarfocus></texturesliderbarfocus>
				<textureslidernib></textureslidernib>
				<textureslidernibfocus></textureslidernibfocus>
				<showonepage>true</showonepage>
				<orientation>vertical</orientation>
			</control>
        </control>
        <!-- ** Required ** Do not change <description> or <type> -->
        <control type="group" id="4000">
			<posx>20</posx>
			<posy>10</posy>
            <!-- Category list controls -->
			<!-- ** Required ** Do not change <description> or <type> -->
            <animation effect="fade" time="500">VisibileChange</animation>
			<control type="list" id="60">
				<posx>136</posx>
				<posy>235</posy>
				<width>330</width>
				<height>261</height>
				<onleft>2550</onleft>
				<onright>2650</onright>
				<onup>60</onup>
				<ondown>60</ondown>
				<pagecontrol>2060</pagecontrol>
				<scrolltime>200</scrolltime>
				<itemlayout height="29">
					<control type="image">
						<width>310</width>
						<height>29</height>
						<posx>10</posx>
						<posy>0</posy>
						<texture>amt-list-nofocus.png</texture>
					</control>
					<control type="image">
						<posx>3</posx>
						<posy>2</posy>
						<width>15</width>
						<height>25</height>
                        <texture>amt-generic-trailer.tbn</texture>
					</control>
					<control type="label">
						<posx>20</posx>
						<posy>3</posy>
						<width>290</width>
						<height>23</height>
						<font>lcars-medium</font>
						<aligny>center</aligny>
                        <selectedcolor>FFe2ff43</selectedcolor>
                        <textcolor>FFFF9900</textcolor>
						<align>left</align>
						<info>ListItem.Label</info>
					</control>
					<control type="label">
						<posx>315</posx>
						<posy>3</posy>
						<width>200</width>
						<height>23</height>
						<font>lcars-medium</font>
						<aligny>center</aligny>
                        <selectedcolor>FFe2ff43</selectedcolor>
						<textcolor>FFCC99CC</textcolor>
						<align>right</align>
						<info>ListItem.Label2</info>
					</control>
					<control type="image">
						<posx>315</posx>
						<posy>2</posy>
						<width>15</width>
						<height>25</height>
                        <texture flipx="true">amt-generic-trailer.tbn</texture>
					</control>
				</itemlayout>
				<focusedlayout height="29">
					<control type="image">
						<width>310</width>
						<height>29</height>
						<posx>10</posx>
						<posy>0</posy>
						<visible>!Control.HasFocus(60)</visible>
						<texture>amt-list-nofocus.png</texture>
					</control>
					<control type="image">
						<width>310</width>
						<height>29</height>
						<posx>10</posx>
						<posy>0</posy>
						<visible>Control.HasFocus(60)</visible>
						<texture>amt-list-focus2.png</texture>
					</control>
					<control type="image">
						<posx>3</posx>
						<posy>2</posy>
						<width>15</width>
						<height>25</height>
                        <texture>amt-generic-trailer.tbn</texture>
					</control>
					<control type="label">
						<posx>20</posx>
						<posy>3</posy>
						<width>290</width>
						<height>23</height>
						<font>lcars-medium</font>
						<aligny>center</aligny>
                        <selectedcolor>FFe2ff43</selectedcolor>
                        <textcolor>FFFF9900</textcolor>
						<align>left</align>
						<info>ListItem.Label</info>
					</control>
					<control type="label">
						<posx>315</posx>
						<posy>3</posy>
						<width>200</width>
						<height>23</height>
						<font>lcars-medium</font>
						<aligny>center</aligny>
                        <selectedcolor>FFe2ff43</selectedcolor>
						<textcolor>FFCC99CC</textcolor>
						<align>right</align>
						<info>ListItem.Label2</info>
					</control>
					<control type="image">
						<posx>315</posx>
						<posy>2</posy>
						<width>15</width>
						<height>25</height>
                        <texture flipx="true">amt-generic-trailer.tbn</texture>
					</control>
				</focusedlayout>
			</control>
            <control type="group" id="2650">
                <onleft>60</onleft>
                <onright>9000</onright>
                <control type="button" id="2660">
                    <description>Up Arrow</description>
                        <posx>478</posx>
                        <posy>235</posy>
                        <width>25</width>
                        <height>20</height>
                    <texturenofocus>LCARS-page-control.png</texturenofocus>
                    <texturefocus>LCARS-page-control-focus.png</texturefocus>
                    <onclick>PageUp(2060)</onclick>
                    <onleft>60</onleft>
                    <onright>9000</onright>
                    <ondown>2661</ondown>
                </control>
                <control type="scrollbar" id="2060">
                    <visible>false</visible>
                    <description>Scroll Bar</description>
                    <texturesliderbackground>-</texturesliderbackground>
                    <texturesliderbar>-</texturesliderbar>
                    <texturesliderbarfocus>-</texturesliderbarfocus>
                    <textureslidernib>-</textureslidernib>
                    <textureslidernibfocus>-</textureslidernibfocus>
                    <orientation>vertical</orientation>
                </control>
                <control type="button" id="2661">
                    <description>Down Arrow</description>
                        <posx>478</posx>
                        <posy>273</posy>
                        <width>25</width>
                        <height>20</height>
                    <texturenofocus flipy="true">LCARS-page-control.png</texturenofocus>
                    <texturefocus flipy="true">LCARS-page-control-focus.png</texturefocus>
                    <onclick>PageDown(2060)</onclick>
                    <onleft>60</onleft>
                    <onright>9000</onright>
                    <onup>2660</onup>
                </control>
            </control>
			<!-- ** Required ** Do not change <description> -->
			<control type="label" id="2160">
				<description>Category List Count Label</description>
				<width>100</width>
				<posx>442</posx>
				<posy>500</posy>
				<align>right</align>
				<label>-</label>
				<font>lcars-small</font>
				<textcolor>FF000000</textcolor>
			</control>
			</control>
    </controls>
</window>