<window id="3000">
    <!--
        The <resolution> tag is used for the setCoordinateResolution() function.
        
        You may move, add or delete any controls you want as long as they're not Required.
        With one exception, required controls <description> tag and <type> tag MUST NOT be changed.
        The exception is <type>label</type> may be changed to <type>button</type>.	This allows 
        <shadowcolor> tag to be used. (set <texturenofocus>-</texturenofocus> if doing this.)

        Use <useincludes>false</useincludes> tag if you don't have any <include> tags. Your skin
        will load faster, but you must supply all tags and values.
        
        To use special images from the /gfx/ folder prepend a \. (eg <texture>\background.png</texture>)
        
    -->

    <resolution>PAL16x9</resolution>
    <useincludes>false</useincludes>
    <coordinates>
        <system>1</system>
        <posx>420</posx>
        <posy>220</posy>
    </coordinates>

    <controls>
    
        <control type="image" id="100">
			<description>Dialog Header</description>
            <posx>-75</posx>
            <posy>-9</posy>
            <width>315</width>
            <height>180</height>
            <texture>dialog_top.png</texture>
            <visible>true</visible>
            <aspectratio>keep</aspectratio>
            <animation effect="slide" time="500" start="400,0" end="0,0" acceleration="-1" condition="!Skin.HasSetting(animated)">WindowOpen</animation>
            <animation effect="slide" time="300" start="0,0" end="400,0" acceleration="1.1" condition="!Skin.HasSetting(animated)">WindowClose</animation>
        </control>

        <control type="image" id="101">
			<description>Dialog Text Area</description>
            <posx>0</posx>
            <posy>30</posy>
            <width>250</width>
            <height>250</height>
            <texture>dialog_middle.png</texture>
            <visible>true</visible>
            <animation effect="slide" time="500" start="400,0" end="0,0" acceleration="-1" condition="!Skin.HasSetting(animated)">WindowOpen</animation>
            <animation effect="slide" time="300" start="0,0" end="400,0" acceleration="1.1" condition="!Skin.HasSetting(animated)">WindowClose</animation>
        </control>

        <control type="image" id="102">
            <description>divider top image</description>
            <posx>10</posx>
            <posy>60</posy>
            <width>230</width>
            <height>4</height>
            <texture>calibrate-subtitles-focus.png</texture>
            <visible>true</visible>
            <animation effect="slide" time="500" start="400,0" end="0,0" acceleration="-1" condition="!Skin.HasSetting(animated)">WindowOpen</animation>
            <animation effect="slide" time="300" start="0,0" end="400,0" acceleration="1.1" condition="!Skin.HasSetting(animated)">WindowClose</animation>
        </control>
        
        <control type="image" id="103">
            <description>divider middle image</description>
            <posx>10</posx>
            <posy>173</posy>
            <width>230</width>
            <height>4</height>
            <texture>calibrate-subtitles-focus.png</texture>
            <visible>true</visible>
            <animation effect="slide" time="500" start="400,0" end="0,0" acceleration="-1" condition="!Skin.HasSetting(animated)">WindowOpen</animation>
            <animation effect="slide" time="300" start="0,0" end="400,0" acceleration="1.1" condition="!Skin.HasSetting(animated)">WindowClose</animation>
        </control>
        
        <control type="image" id="104">
            <description>divider bottom image</description>
            <posx>10</posx>
            <posy>238</posy>
            <width>230</width>
            <height>4</height>
            <texture>calibrate-subtitles-focus.png</texture>
            <visible>true</visible>
            <animation effect="slide" time="500" start="400,0" end="0,0" acceleration="-1" condition="!Skin.HasSetting(animated)">WindowOpen</animation>
            <animation effect="slide" time="300" start="0,0" end="400,0" acceleration="1.1" condition="!Skin.HasSetting(animated)">WindowClose</animation>
        </control>
        
        <control type="image" id="105">
			<description>Dialog Footer</description>
            <posx>8</posx>
            <posy>156</posy>
            <width>310</width>
            <height>160</height>
            <texture>dialog_bottom.png</texture>
            <visible>true</visible>
            <aspectratio>keep</aspectratio>
            <animation effect="slide" time="500" start="400,0" end="0,0" acceleration="-1" condition="!Skin.HasSetting(animated)">WindowOpen</animation>
            <animation effect="slide" time="300" start="0,0" end="400,0" acceleration="1.1" condition="!Skin.HasSetting(animated)">WindowClose</animation>
        </control>
        
		<!-- ** Required ** Do not change <description> or type -->
        <control type="label" id="1">
            <description>Title Label</description>
            <posx>10</posx>
            <posy>38</posy>
            <width>200</width>
            <label>0</label>
            <align>left</align>
            <font>font10</font>
            <textcolor>FFF1EA40</textcolor>
            <visible>true</visible>
            <animation effect="slide" time="500" start="400,0" end="0,0" acceleration="-1" condition="!Skin.HasSetting(animated)">WindowOpen</animation>
            <animation effect="slide" time="300" start="0,0" end="400,0" acceleration="1.1" condition="!Skin.HasSetting(animated)">WindowClose</animation>
        </control>
        
        <control type="image" id="1">
            <description>Kai Enabled</description>
            <posx>225</posx>
            <posy>39</posy>
            <width>16</width>
            <height>16</height>
            <texture>opponent.png</texture>
            <aspectratio>keep</aspectratio>
            <visible>true</visible>
            <animation effect="slide" time="500" start="400,0" end="0,0" acceleration="-1" condition="!Skin.HasSetting(animated)">WindowOpen</animation>
            <animation effect="slide" time="300" start="0,0" end="400,0" acceleration="1.1" condition="!Skin.HasSetting(animated)">WindowClose</animation>
        </control>

		<!-- ** Required ** Do not change <description> or type -->
        <control type="button" id="10">
            <description>Restart Button</description>
            <posx>40</posx>
            <posy>70</posy>
            <width>170</width>
            <height>22</height>
            <label>11</label>
            <font>font10</font>
            <textcolor>DDFFFFFF</textcolor>
            <disabledcolor>60FFFFFF</disabledcolor>
            <shadowcolor>00FFFFFF</shadowcolor>
            <align>left</align>
            <textoffsetx>10</textoffsetx>
            <textoffsety>0</textoffsety>
            <texturefocus>button-focus.png</texturefocus>
            <texturenofocus>-</texturenofocus>
            <visible>true</visible>
            <onup>50</onup>
            <ondown>20</ondown>
            <animation effect="slide" time="500" start="400,0" end="0,0" acceleration="-1" condition="!Skin.HasSetting(animated)">WindowOpen</animation>
            <animation effect="slide" time="300" start="0,0" end="400,0" acceleration="1.1" condition="!Skin.HasSetting(animated)">WindowClose</animation>
        </control>

		<!-- ** Required ** Do not change <description> or type -->
        <control type="button" id="20">
            <description>Stop Button</description>
            <posx>40</posx>
            <posy>90</posy>
            <width>170</width>
            <height>22</height>
            <label>12</label>
            <font>font10</font>
            <textcolor>DDFFFFFF</textcolor>
            <disabledcolor>60FFFFFF</disabledcolor>
            <shadowcolor>00FFFFFF</shadowcolor>
            <align>left</align>
            <textoffsetx>10</textoffsetx>
            <textoffsety>0</textoffsety>
            <texturefocus>button-focus.png</texturefocus>
            <texturenofocus>-</texturenofocus>
            <visible>true</visible>
            <onup>10</onup>
            <ondown>30</ondown>
            <animation effect="slide" time="500" start="400,0" end="0,0" acceleration="-1" condition="!Skin.HasSetting(animated)">WindowOpen</animation>
            <animation effect="slide" time="300" start="0,0" end="400,0" acceleration="1.1" condition="!Skin.HasSetting(animated)">WindowClose</animation>
        </control>

		<!-- ** Required ** Do not change <description> or type -->
        <control type="button" id="30">
            <description>Upload Button</description>
            <posx>40</posx>
            <posy>110</posy>
            <width>170</width>
            <height>22</height>
            <label>13</label>
            <font>font10</font>
            <textcolor>DDFFFFFF</textcolor>
            <disabledcolor>60FFFFFF</disabledcolor>
            <shadowcolor>00FFFFFF</shadowcolor>
            <align>left</align>
            <textoffsetx>10</textoffsetx>
            <textoffsety>0</textoffsety>
            <texturefocus>button-focus.png</texturefocus>
            <texturenofocus>-</texturenofocus>
            <visible>true</visible>
            <onup>20</onup>
            <ondown>40</ondown>
            <animation effect="slide" time="500" start="400,0" end="0,0" acceleration="-1" condition="!Skin.HasSetting(animated)">WindowOpen</animation>
            <animation effect="slide" time="300" start="0,0" end="400,0" acceleration="1.1" condition="!Skin.HasSetting(animated)">WindowClose</animation>
        </control>

		<!-- ** Required ** Do not change <description> or type -->
        <control type="button" id="40">
            <description>Reboot Button</description>
            <posx>40</posx>
            <posy>130</posy>
            <width>170</width>
            <height>22</height>
            <label>14</label>
            <font>font10</font>
            <textcolor>DDFFFFFF</textcolor>
            <disabledcolor>60FFFFFF</disabledcolor>
            <shadowcolor>00FFFFFF</shadowcolor>
            <align>left</align>
            <textoffsetx>10</textoffsetx>
            <textoffsety>0</textoffsety>
            <texturefocus>button-focus.png</texturefocus>
            <texturenofocus>-</texturenofocus>
            <visible>true</visible>
            <onup>30</onup>
            <ondown>50</ondown>
            <animation effect="slide" time="500" start="400,0" end="0,0" acceleration="-1" condition="!Skin.HasSetting(animated)">WindowOpen</animation>
            <animation effect="slide" time="300" start="0,0" end="400,0" acceleration="1.1" condition="!Skin.HasSetting(animated)">WindowClose</animation>
        </control>

		<!-- ** Required ** Do not change <description> or type -->
        <control type="button" id="50">
            <description>Settings Button</description>
            <posx>40</posx>
            <posy>150</posy>
            <width>170</width>
            <height>22</height>
            <label>15</label>
            <font>font10</font>
            <textcolor>DDFFFFFF</textcolor>
            <disabledcolor>60FFFFFF</disabledcolor>
            <shadowcolor>00FFFFFF</shadowcolor>
            <align>left</align>
            <textoffsetx>10</textoffsetx>
            <textoffsety>0</textoffsety>
            <texturefocus>button-focus.png</texturefocus>
            <texturenofocus>-</texturenofocus>
            <visible>true</visible>
            <onup>40</onup>
            <ondown>10</ondown>
            <animation effect="slide" time="500" start="400,0" end="0,0" acceleration="-1" condition="!Skin.HasSetting(animated)">WindowOpen</animation>
            <animation effect="slide" time="300" start="0,0" end="400,0" acceleration="1.1" condition="!Skin.HasSetting(animated)">WindowClose</animation>
        </control>

		<!-- ** Required ** Do not change <description> or type -->
        <control type="label" id="1">
            <description>Kaid Status Heading</description>
            <posx>120</posx>
            <posy>179</posy>
            <width>170</width>
            <height>22</height>
            <label>100</label>
            <align>right</align>
            <textcolor>DDFFFFFF</textcolor>
            <font>font10</font>
            <animation effect="slide" time="500" start="400,0" end="0,0" acceleration="-1" condition="!Skin.HasSetting(animated)">WindowOpen</animation>
            <animation effect="slide" time="300" start="0,0" end="400,0" acceleration="1.1" condition="!Skin.HasSetting(animated)">WindowClose</animation>
        </control>
		<!-- ** Required ** Do not change <description> or type -->
        <control type="button" id="1">
            <description>Kaid Status Label</description>
            <posx>125</posx>
            <posy>179</posy>
            <width>170</width>
            <height>22</height>
            <label> </label>
            <font>font10</font>
            <textcolor>CC00FF00</textcolor>
            <disabledcolor>CCFF0000</disabledcolor>
            <shadowcolor>00FFFFFF</shadowcolor>
            <focusedcolor>FFF1EA40</focusedcolor>
            <align>left</align>
            <textoffsetx>0</textoffsetx>
            <textoffsety>0</textoffsety>
            <texturefocus>list-focus.png</texturefocus>
            <texturenofocus>-</texturenofocus>
            <visible>true</visible>
            <animation effect="slide" time="500" start="400,0" end="0,0" acceleration="-1" condition="!Skin.HasSetting(animated)">WindowOpen</animation>
            <animation effect="slide" time="300" start="0,0" end="400,0" acceleration="1.1" condition="!Skin.HasSetting(animated)">WindowClose</animation>
        </control>

		<!-- ** Required ** Do not change <description> or type -->
        <control type="label" id="1">
            <description>Router Status Heading</description>
            <posx>120</posx>
            <posy>197</posy>
            <width>170</width>
            <height>22</height>
            <label>110</label>
            <align>right</align>
            <textcolor>DDFFFFFF</textcolor>
            <font>font10</font>
            <animation effect="slide" time="500" start="400,0" end="0,0" acceleration="-1" condition="!Skin.HasSetting(animated)">WindowOpen</animation>
            <animation effect="slide" time="300" start="0,0" end="400,0" acceleration="1.1" condition="!Skin.HasSetting(animated)">WindowClose</animation>
        </control>
		<!-- ** Required ** Do not change <description> or type -->
        <control type="button" id="1">
            <description>Router Status Label</description>
            <posx>125</posx>
            <posy>197</posy>
            <width>170</width>
            <height>22</height>
            <label> </label>
            <font>font10</font>
            <textcolor>CC00FF00</textcolor>
            <disabledcolor>CCFF0000</disabledcolor>
            <shadowcolor>00FFFFFF</shadowcolor>
            <focusedcolor>FFF1EA40</focusedcolor>
            <align>left</align>
            <textoffsetx>0</textoffsetx>
            <textoffsety>0</textoffsety>
            <texturefocus>list-focus.png</texturefocus>
            <texturenofocus>-</texturenofocus>
            <visible>true</visible>
            <animation effect="slide" time="500" start="400,0" end="0,0" acceleration="-1" condition="!Skin.HasSetting(animated)">WindowOpen</animation>
            <animation effect="slide" time="300" start="0,0" end="400,0" acceleration="1.1" condition="!Skin.HasSetting(animated)">WindowClose</animation>
        </control>

		<!-- ** Required ** Do not change <description> or type -->
        <control type="label" id="1">
            <description>Xbox Status Heading</description>
            <posx>120</posx>
            <posy>215</posy>
            <width>170</width>
            <height>22</height>
            <label>120</label>
            <align>right</align>
            <textcolor>DDFFFFFF</textcolor>
            <font>font10</font>
            <animation effect="slide" time="500" start="400,0" end="0,0" acceleration="-1" condition="!Skin.HasSetting(animated)">WindowOpen</animation>
            <animation effect="slide" time="300" start="0,0" end="400,0" acceleration="1.1" condition="!Skin.HasSetting(animated)">WindowClose</animation>
        </control>
		<!-- ** Required ** Do not change <description> or type -->
        <control type="button" id="1">
            <description>Xbox Status Label</description>
            <posx>125</posx>
            <posy>215</posy>
            <width>170</width>
            <height>22</height>
            <label> </label>
            <font>font10</font>
            <textcolor>CC00FF00</textcolor>
            <disabledcolor>CCFF0000</disabledcolor>
            <shadowcolor>00FFFFFF</shadowcolor>
            <focusedcolor>FFF1EA40</focusedcolor>
            <align>left</align>
            <textoffsetx>0</textoffsetx>
            <textoffsety>0</textoffsety>
            <texturefocus>list-focus.png</texturefocus>
            <texturenofocus>-</texturenofocus>
            <visible>true</visible>
            <animation effect="slide" time="500" start="400,0" end="0,0" acceleration="-1" condition="!Skin.HasSetting(animated)">WindowOpen</animation>
            <animation effect="slide" time="300" start="0,0" end="400,0" acceleration="1.1" condition="!Skin.HasSetting(animated)">WindowClose</animation>
        </control>

		<!-- ** Required ** Do not change <description> or type -->
        <control type="progress" id="1">
            <description>Progressbar</description>
            <posx>5</posx>
            <posy>236</posy>
            <width>240</width>
            <height>48</height>
            <texturebg>progress_back.png</texturebg>
            <lefttexture>-</lefttexture>
            <midtexture>progress_mid.png</midtexture>
            <righttexture>-</righttexture>
            <overlaytexture>-</overlaytexture>
            <visible>false</visible>
            <animation effect="slide" time="500" start="400,0" end="0,0" acceleration="-1" condition="!Skin.HasSetting(animated)">WindowOpen</animation>
            <animation effect="slide" time="300" start="0,0" end="400,0" acceleration="1.1" condition="!Skin.HasSetting(animated)">WindowClose</animation>
        </control>

		<!-- ** Required ** Do not change <description> or type -->
        <control type="fadelabel" id="1">
            <description>Info Message Label</description>
            <posx>10</posx>
            <posy>250</posy>
            <width>230</width>
            <height>18</height>
            <label> </label>
            <align>left</align>
            <textcolor>CC00CCFF</textcolor>
            <font>font10</font>
            <visible>false</visible>
            <animation effect="slide" time="500" start="400,0" end="0,0" acceleration="-1" condition="!Skin.HasSetting(animated)">WindowOpen</animation>
            <animation effect="slide" time="300" start="0,0" end="400,0" acceleration="1.1" condition="!Skin.HasSetting(animated)">WindowClose</animation>
        </control>

		<!-- ** Required ** Do not change <description> or type -->
        <control type="fadelabel" id="1">
            <description>Success Message Label</description>
            <posx>10</posx>
            <posy>250</posy>
            <width>230</width>
            <height>18</height>
            <label> </label>
            <align>left</align>
            <textcolor>FFF1EA40</textcolor>
            <font>font10</font>
            <visible>true</visible>
            <animation effect="slide" time="500" start="400,0" end="0,0" acceleration="-1" condition="!Skin.HasSetting(animated)">WindowOpen</animation>
            <animation effect="slide" time="300" start="0,0" end="400,0" acceleration="1.1" condition="!Skin.HasSetting(animated)">WindowClose</animation>
        </control>

		<!-- ** Required ** Do not change <description> or type -->
        <control type="fadelabel" id="1">
            <description>Error Message Label</description>
            <posx>10</posx>
            <posy>250</posy>
            <width>230</width>
            <height>18</height>
            <label> </label>
            <align>left</align>
            <textcolor>CCFF0000</textcolor>
            <font>font10</font>
            <visible>false</visible>
            <animation effect="slide" time="500" start="400,0" end="0,0" acceleration="-1" condition="!Skin.HasSetting(animated)">WindowOpen</animation>
            <animation effect="slide" time="300" start="0,0" end="400,0" acceleration="1.1" condition="!Skin.HasSetting(animated)">WindowClose</animation>
        </control>

    </controls>
</window>