<window id="3000">
    
    <allowoverlay>no</allowoverlay>
    <defaultcontrol always="false">3</defaultcontrol>
    <resolution>PAL</resolution>
    <coordinates>
        <system>1</system>
        <posx>0</posx>
        <posy>0</posy>
    </coordinates>

    <controls>
        <control type="image" id="1">
            <description>background image</description>
            <posx>220</posx>
            <posy>70</posy>
            <width>450</width>
            <height>470</height>
            <texture>dialog-panel2.png</texture>
            <colordiffuse>BBFFFFFF</colordiffuse>
        </control>

        <control type="image" id="1">
            <description>divider image</description>
            <posx>248</posx>
            <posy>182</posy>
            <width>400</width>
            <height>4</height>
            <texture>separatorOSD.png</texture>
            <colordiffuse>BBFFFFFF</colordiffuse>
        </control>
        
		<!-- ** Required ** Do not change <id> or <type> -->
        <control type="textbox" id="3">
            <description>textarea</description>
            <posx>240</posx>
            <posy>195</posy>
            <width>415</width>
            <height>320</height>
            <onup>3</onup>
            <ondown>3</ondown>
            <onleft>3</onleft>
            <onright>3</onright>
            <spinposx>410</spinposx>
            <spinposy>345</spinposy>
            <spincolor>ffffffff</spincolor>
            <textureup>scroll-up.png</textureup>
            <texturedown>scroll-down.png</texturedown>
            <textureupfocus>scroll-up-focus.gif</textureupfocus>
            <texturedownfocus>scroll-down-focus.gif</texturedownfocus>
            <font>font13</font>
            <textcolor>DDFFFFFF</textcolor>
        </control>

		<!-- ** Required ** Do not change <id> or <type> -->
		<control type="list" id="4">
            <posx>240</posx>
            <posy>202</posy>
            <width>416</width>
            <height>310</height>
            <onleft>64</onleft>
            <onright>64</onright>
            <onup>4</onup>
            <ondown>4</ondown>
			<viewtype label="535">list</viewtype>
			<pagecontrol>64</pagecontrol>
			<scrolltime>200</scrolltime>
			<include>contentpanelslide</include>
			<itemlayout height="29">
				<control type="label">
					<posx>3</posx>
					<posy>3</posy>
					<width>410</width>
					<height>22</height>
					<font>font13</font>
					<aligny>center</aligny>
					<include>listselectedcolor</include>
					<align>left</align>
					<info>ListItem.Label</info>
				</control>
			</itemlayout>
			<focusedlayout height="29">
				<control type="image">
					<width>416</width>
					<height>29</height>
					<posx>0</posx>
					<posy>0</posy>
					<visible>Control.HasFocus(4)</visible>
					<texture>list-focus.png</texture>
				</control>
				<control type="label">
					<posx>3</posx>
					<posy>3</posy>
					<width>410</width>
					<height>22</height>
					<font>font13</font>
					<aligny>center</aligny>
					<include>listselectedcolor</include>
					<align>left</align>
					<info>ListItem.Label</info>
				</control>
			</focusedlayout>
		</control>
  		<control type="spincontrol" id="64">
			<description>Next page button</description>
			<posx>640</posx>
			<posy>545</posy>
			<subtype>page</subtype>
			<font>font12</font>
			<onleft>4</onleft>
			<onright>4</onright>
			<ondown>4</ondown>
			<onup>4</onup>
			<showonepage>false</showonepage>
			<include>contentpanelslide</include>
			<visible>Control.IsVisible(4)</visible>
		</control>

		<!-- ** Required ** Do not change <id> or <type> -->
		<control type="list" id="5">
            <posx>240</posx>
            <posy>202</posy>
            <width>416</width>
            <height>310</height>
            <onleft>65</onleft>
            <onright>65</onright>
            <onup>5</onup>
            <ondown>5</ondown>
			<viewtype label="535">list</viewtype>
			<pagecontrol>65</pagecontrol>
			<scrolltime>200</scrolltime>
			<include>contentpanelslide</include>
			<itemlayout height="29">
				<control type="label">
					<posx>3</posx>
					<posy>3</posy>
					<width>410</width>
					<height>22</height>
					<font>font13</font>
					<aligny>center</aligny>
					<include>listselectedcolor</include>
					<align>left</align>
					<info>ListItem.Label</info>
				</control>
			</itemlayout>
			<focusedlayout height="29">
				<control type="image">
					<width>416</width>
					<height>29</height>
					<posx>0</posx>
					<posy>0</posy>
					<visible>Control.HasFocus(5)</visible>
					<texture>list-focus.png</texture>
				</control>
				<control type="label">
					<posx>3</posx>
					<posy>3</posy>
					<width>410</width>
					<height>22</height>
					<font>font13</font>
					<aligny>center</aligny>
					<include>listselectedcolor</include>
					<align>left</align>
					<info>ListItem.Label</info>
				</control>
			</focusedlayout>
		</control>
  		<control type="spincontrol" id="65">
			<description>Next page button</description>
			<posx>640</posx>
			<posy>545</posy>
			<subtype>page</subtype>
			<font>font12</font>
			<onleft>5</onleft>
			<onright>5</onright>
			<ondown>5</ondown>
			<onup>5</onup>
			<showonepage>false</showonepage>
			<include>contentpanelslide</include>
			<visible>Control.IsVisible(5)</visible>
		</control>

        <control type="group">
            <animation effect="fade" time="1000">VisibleChange</animation>
            <control type="group">
                <posx>0</posx>
                <posy>0</posy>
                <control type="image">
                    <description>Dialog Text Area</description>
                    <posx>60</posx>
                    <posy>340</posy>
                    <width>150</width>
                    <height>175</height>
                    <colordiffuse>BBFFFFFF</colordiffuse>
                    <texture border="10">homeinfo-bg.png</texture>
                </control>
                
                <!-- ** Required ** Do not change <id> or <type> -->
                <control type="image" id="6">
                    <description>CD Cover Image</description>
                    <posx>65</posx>
                    <posy>357</posy>
                    <width>140</width>
                    <height>140</height>
                    <info>MusicPlayer.Cover</info>
                    <aspectratio>keep</aspectratio>
                </control>
            </control>

            <control type="group">
                <posx>0</posx>
                <posy>0</posy>
                <!--control type="image">
                    <description>Dialog Footer</description>
                    <posx>212</posx>
                    <posy>52</posy>
                    <width>120</width>
                    <height>70</height>
                    <texture>dialog_bottom.png</texture>
                </control>
                <control type="image">
                    <description>media info background image</description>
                    <posx>0</posx>
                    <posy>0</posy>
                    <width>320</width>
                    <height>105</height>
                    <colordiffuse>BBFFFFFF</colordiffuse>
                    <texture border="10">dialog_middle.png</texture>
                </control-->
                <control type="fadelabel">
                    <description>Artist label</description>
                    <posx>240</posx>
                    <posy>78</posy>
                    <width>380</width>
                    <label>$INFO[MusicPlayer.Artist]</label>
                    <align>left</align>
                    <textcolor>FF9FCA4F</textcolor>
                    <font>font13</font>
                </control>
                <control type="label" id="8">
                    <description>Scraper</description>
                    <posx>655</posx>
                    <posy>78</posy>
                    <width>200</width>
                    <label>-</label>
                    <align>right</align>
                    <font>font12</font>
                    <textcolor>FF9FCA4F</textcolor>
                </control>
                <control type="fadelabel">
                    <description>Title label</description>
                    <posx>240</posx>
                    <posy>99</posy>
                    <width>380</width>
                    <label>$INFO[MusicPlayer.Title]</label>
                    <textcolor>FFE7FF00</textcolor>
                    <align>left</align>
                    <font>font14</font>
                </control>
                <control type="fadelabel">
                    <description>Album label</description>
                    <posx>240</posx>
                    <posy>125</posy>
                    <width>380</width>
                    <label>$INFO[MusicPlayer.Album]</label>
                    <textcolor>FF9FCA4F</textcolor>
                    <align>left</align>
                    <font>font12</font>
                </control>
                <control type="fadelabel">
                    <description>time label</description>
                    <posx>240</posx>
                    <posy>148</posy>
                    <width>380</width>
                    <label>$INFO[musicplayer.Time]$INFO[musicplayer.Duration, / ]</label>
                    <align>left</align>
                    <textcolor>FF9FCA4F</textcolor>
                    <font>font12</font>
                </control>
                <control type="label" id="100">
                    <description>Playlist Pos No</description>
                    <posx>655</posx>
                    <posy>148</posy>
                    <width>200</width>
                    <label>$INFO[musicplayer.Playlistposition,$LOCALIZE[435] ]$INFO[musicplayer.Playlistlength, / ]</label>
                    <visible>!MusicPartyMode.Enabled</visible>
                    <align>right</align>
                    <font>font12</font>
                    <textcolor>FF9FCA4F</textcolor>
                </control>
                <control type="label" id="101">
                    <description>PartyMode Enabled</description>
                    <posx>655</posx>
                    <posy>148</posy>
                    <width>200</width>
                    <label>589</label>
                    <visible>MusicPartyMode.Enabled</visible>
                    <align>right</align>
                    <font>font12</font>
                    <textcolor>FF9FCA4F</textcolor>
                </control>
            </control>
        </control>
    </controls>
</window>