<window>
    
    <allowoverlay>no</allowoverlay>
    <defaultcontrol always="false">3</defaultcontrol>
    <resolution>PAL</resolution>
    <coordinates>
        <system>1</system>
        <posx>0</posx>
        <posy>0</posy>
    </coordinates>

    <controls>
        <control type="image" id="1">
            <description>background image</description>
            <posx>220</posx>
            <posy>70</posy>
            <width>450</width>
            <height>470</height>
            <texture>dialog-panel2.png</texture>
            <colordiffuse>BBFFFFFF</colordiffuse>
			<include>contentpanelslide</include>
        </control>

		<!-- ** Required ** Do not change <id> or <type> -->
        <control type="textbox" id="3">
            <description>textarea</description>
            <posx>240</posx>
            <posy>195</posy>
            <width>415</width>
            <height>310</height>
            <onup>3</onup>
            <ondown>3</ondown>
            <onleft>3</onleft>
            <onright>3</onright>
            <spinposx>385</spinposx>
            <spinposy>290</spinposy>
            <spincolor>ffffffff</spincolor>
            <font>font12</font>
            <textcolor>DDFFFFFF</textcolor>
			<include>contentpanelslide</include>
        </control>
        
		<!-- ** Required ** Do not change <id> or <type> -->
		<control type="list" id="4">
            <posx>240</posx>
            <posy>202</posy>
            <width>416</width>
            <height>261</height>
            <onleft>64</onleft>
            <onright>64</onright>
            <onup>4</onup>
            <ondown>4</ondown>
			<viewtype label="535">list</viewtype>
			<pagecontrol>64</pagecontrol>
			<scrolltime>200</scrolltime>
			<include>contentpanelslide</include>
			<itemlayout height="29">
				<control type="label">
					<posx>3</posx>
					<posy>3</posy>
					<width>410</width>
					<height>22</height>
					<font>font13</font>
					<aligny>center</aligny>
					<include>listselectedcolor</include>
					<align>left</align>
					<info>ListItem.Label</info>
				</control>
			</itemlayout>
			<focusedlayout height="29">
				<control type="image">
					<width>416</width>
					<height>29</height>
					<posx>0</posx>
					<posy>0</posy>
					<visible>Control.HasFocus(4)</visible>
					<texture>list-focus.png</texture>
				</control>
				<control type="label">
					<posx>3</posx>
					<posy>3</posy>
					<width>410</width>
					<height>22</height>
					<font>font13</font>
					<aligny>center</aligny>
                    <textcolor>FFe2ff43</textcolor>
					<include>listselectedcolor</include>
					<align>left</align>
					<info>ListItem.Label</info>
				</control>
			</focusedlayout>
		</control>
  		<control type="spincontrol" id="64">
			<description>Next page button</description>
			<posx>625</posx>
			<posy>485</posy>
			<subtype>page</subtype>
			<font>font12</font>
			<onleft>4</onleft>
			<onright>4</onright>
			<ondown>4</ondown>
			<onup>4</onup>
			<showonepage>false</showonepage>
			<include>contentpanelslide</include>
			<visible>Control.IsVisible(4)</visible>
		</control>

		<!-- ** Required ** Do not change <id> or <type> -->
		<control type="list" id="5">
            <posx>240</posx>
            <posy>202</posy>
            <width>416</width>
            <height>261</height>
            <onleft>65</onleft>
            <onright>65</onright>
            <onup>5</onup>
            <ondown>5</ondown>
			<viewtype label="535">list</viewtype>
			<pagecontrol>65</pagecontrol>
			<scrolltime>200</scrolltime>
			<include>contentpanelslide</include>
			<itemlayout height="29">
				<control type="label">
					<posx>3</posx>
					<posy>3</posy>
					<width>410</width>
					<height>22</height>
					<font>font13</font>
					<aligny>center</aligny>
					<include>listselectedcolor</include>
					<align>left</align>
					<info>ListItem.Label</info>
				</control>
			</itemlayout>
			<focusedlayout height="29">
				<control type="image">
					<width>416</width>
					<height>29</height>
					<posx>0</posx>
					<posy>0</posy>
					<visible>Control.HasFocus(5)</visible>
					<texture>list-focus.png</texture>
				</control>
				<control type="label">
					<posx>3</posx>
					<posy>3</posy>
					<width>410</width>
					<height>22</height>
					<font>font13</font>
					<aligny>center</aligny>
					<include>listselectedcolor</include>
					<align>left</align>
					<info>ListItem.Label</info>
				</control>
			</focusedlayout>
		</control>
  		<control type="spincontrol" id="65">
			<description>Next page button</description>
			<posx>625</posx>
			<posy>485</posy>
			<subtype>page</subtype>
			<font>font12</font>
			<onleft>5</onleft>
			<onright>5</onright>
			<ondown>5</ondown>
			<onup>5</onup>
			<showonepage>false</showonepage>
			<include>contentpanelslide</include>
			<visible>Control.IsVisible(5)</visible>
		</control>

		<!-- media infos -->
		<control type="group" id="1">
			<posx>60</posx>
			<posy>75</posy>
			<animation effect="fade" time="800">VisibleChange</animation>
			<!--control type="image" id="1">
				<description>media info background image</description>
				<posx>0</posx>
				<posy>0</posy>
				<width>740</width>
				<height>120</height>
				<texture>osd_menu_bg.png</texture>
			</control-->
			<control type="image" id="1">
				<description>cover image</description>
				<posx>-20</posx>
				<posy>240</posy>
				<width>196</width>
				<height>196</height>
				<info>MusicPlayer.Cover</info>
				<aspectratio>keep</aspectratio>
			</control>
			<control type="label" id="8">
				<description>Scraper Label</description>
				<width>150</width>
				<posx>600</posx>
				<posy>5</posy>
				<align>right</align>
				<textcolor>FFe2ff43</textcolor>
				<font>special12</font>
			</control>
			<control type="label" id="1">
				<description>Artist label</description>
				<width>400</width>
				<posx>180</posx>
				<posy>5</posy>
				<info>MusicPlayer.Artist</info>
				<align>left</align>
				<font>special12</font>
			</control>
			<control type="label" id="1">
				<description>Title label</description>
				<width>500</width>
				<posx>180</posx>
				<posy>30</posy>
				<info>MusicPlayer.Title</info>
				<align>left</align>
				<font>special13</font>
			</control>
			<control type="label" id="1">
				<description>Album label</description>
				<width>500</width>
				<posx>180</posx>
				<posy>60</posy>
				<info>MusicPlayer.Album</info>
				<align>left</align>
				<font>font10</font>
			</control>
			<control type="label" id="1">
				<description>time label</description>
				<width>430</width>
				<posx>180</posx>
				<posy>80</posy>
				<label>$INFO[musicplayer.Time]$INFO[musicplayer.Duration, / ]</label>
				<align>left</align>
				<font>font10</font>
			</control>
			<control type="label" id="1">
				<description>Playlist Pos No</description>
				<width>200</width>
				<posx>600</posx>
				<posy>80</posy>
				<label>$INFO[musicplayer.Playlistposition,$LOCALIZE[435] ]$INFO[musicplayer.Playlistlength, / ]</label>
				<visible>!MusicPartyMode.Enabled</visible>
				<align>right</align>
				<font>font10</font>
			</control>
			<control type="label" id="1">
				<description>PartyMode Enabled</description>
				<width>200</width>
				<posx>600</posx>
				<posy>80</posy>
				<label>589</label>
				<visible>MusicPartyMode.Enabled</visible>
				<align>right</align>
				<font>font10</font>
			</control>
			<control type="progress" id="1">
				<description>Progressbar</description>
				<posx>180</posx>
				<posy>105</posy>
				<width>420</width>
				<height>5</height>
				<info>Player.Progress</info>
				<texturebg>progress_back.png</texturebg>
				<lefttexture>progress_left.png</lefttexture>
				<midtexture>progress_mid.png</midtexture>
				<righttexture>progress_right.png</righttexture>
				<overlaytexture>-</overlaytexture>
				<!--visible>true</visible-->
			</control>
		</control>
    </controls>
</window>