<window>
	<defaultcontrol>61</defaultcontrol>
	<allowoverlay>no</allowoverlay>
	<controls>
		<control type="image">
			<description>Background image</description>
			<posx>0</posx>
			<posy>0</posy>
			<width>720</width>
			<height>576</height>
			<texture>XBbackground-bottom.png</texture>
		</control>
		<control type="image">
			<description>Menu Open</description>
			<posx>0</posx>
			<posy>0</posy>
			<width>710</width>
			<height>90</height>
			<texture>XBmenu-top.png</texture>
			<animation effect="slide" start="0,100" time="800">WindowOpen</animation>
			<animation effect="slide" end="0,100" time="800">WindowClose</animation>
		</control>
		<control type="image">
			<description>Menu Icon image</description>
			<posx>300</posx>
			<posy>0</posy>
			<width>80</width>
			<height>80</height>
			<texture>XBlogin.png</texture>
			<animation effect="slide" start="0,100" time="800">WindowOpen</animation>
			<animation effect="slide" end="0,100" time="800">WindowClose</animation>
		</control>
		<control type="image">
			<description>XinBox Logo image</description>
			<posx>25</posx>
			<posy>-20</posy>
			<width>150</width>
			<height>150</height>
			<texture>XBXinBoXLogo.png</texture>
			<animation effect="slide" start="0,100" time="800">WindowOpen</animation>
			<animation effect="slide" end="0,100" time="800">WindowClose</animation>
		</control>
  		<control type="label" id="80">
        		<description>Inbox Name Label</description>
        		<posx>170</posx>
        		<posy>50</posy>
        		<width>200</width>
        		<label>-</label>
        		<font>special13</font>
        		<textcolor>FFB2D4F5</textcolor>
			<animation effect="slide" start="0,100" time="800">WindowOpen</animation>
			<animation effect="slide" end="0,100" time="800">WindowClose</animation>
  		</control>
  		<control type="button" id="81">
        		<description>Serv Size Label</description>
        		<posx>420</posx>
        		<posy>0</posy>
        		<width>300</width>
        		<label>-</label>
      			<texturefocus>XBFAKE.png</texturefocus>
			<texturenofocus>XBFAKE.png</texturenofocus>
        		<font>special13</font>
			<disabledcolor>FFFF0000</disabledcolor>
        		<textcolor>FFB2D4F5</textcolor>
			<animation effect="slide" start="0,100" time="800">WindowOpen</animation>
			<animation effect="slide" end="0,100" time="800">WindowClose</animation>
  		</control>
  		<control type="button" id="82">
        		<description>Ibox Size Label</description>
        		<posx>420</posx>
        		<posy>25</posy>
        		<width>250</width>
        		<label>-</label>
			<disabledcolor>FFFF0000</disabledcolor>
      			<texturefocus>XBFAKE.png</texturefocus>
			<texturenofocus>XBFAKE.png</texturenofocus>
        		<font>special13</font>
        		<textcolor>FFB2D4F5</textcolor>
			<animation effect="slide" start="0,100" time="800">WindowOpen</animation>
			<animation effect="slide" end="0,100" time="800">WindowClose</animation>
  		</control>
  		<control type="button" id="83">
        		<description>New/Unread Label</description>
        		<posx>420</posx>
        		<posy>50</posy>
        		<width>250</width>
        		<label>-</label>
			<disabledcolor>FFFF0000</disabledcolor>
      			<texturefocus>XBFAKE.png</texturefocus>
			<texturenofocus>XBFAKE.png</texturenofocus>
        		<font>special13</font>
        		<textcolor>FFB2D4F5</textcolor>
			<animation effect="slide" start="0,100" time="800">WindowOpen</animation>
			<animation effect="slide" end="0,100" time="800">WindowClose</animation>
  		</control>
		<control type="image">
			<description>Inbox Background</description>
			<posx>0</posx>
			<posy>0</posy>
			<width>720</width>
			<height>576</height>
			<texture>XBinbox.png</texture>
		</control>	
		<control type="group" id="9000">
			<animation effect="fade" time="1000">WindowOpen</animation>
			<animation effect="fade" time="1000">WindowClose</animation>
			<posx>7</posx>
			<posy>88</posy>
			<control type="button" id="61">
				<description>Check Button</description>
				<posx>0</posx>
				<posy>0</posy>
      				<textoffsetx>2</textoffsetx>
      				<textoffsety></textoffsety>
				<label>-</label>
				<onright>50</onright>
				<onup>61</onup>
				<ondown>62</ondown>
				<onleft>61</onleft>
				<align>center</align>
				<aligny>center</aligny>
      				<texturefocus>XBbuttonF.png</texturefocus>
				<texturenofocus>XBbuttonNF.png</texturenofocus>
				<disabledcolor>60ffffff</disabledcolor>
				<width>108</width>
				<height>37</height>
			</control>
			<control type="button" id="62">
				<description>Compose Button</description>
				<posx>0</posx>
				<posy>57</posy>
      				<textoffsetx>2</textoffsetx>
      				<textoffsety></textoffsety>
				<label>-</label>
				<onup>61</onup>
				<onleft>62</onleft>
				<onright>50</onright>
				<ondown>65</ondown>
				<align>center</align>
				<aligny>center</aligny>
      				<texturefocus>XBbuttonF.png</texturefocus>
				<texturenofocus>XBbuttonNF.png</texturenofocus>
				<disabledcolor>60ffffff</disabledcolor>
				<width>108</width>
				<height>37</height>
			</control>
			<control type="button" id="65">
				<description>Contacts Button</description>
				<posx>0</posx>
				<posy>114</posy>
      				<textoffsetx>2</textoffsetx>
      				<textoffsety></textoffsety>
				<label>-</label>
				<onup>62</onup>
				<onleft>65</onleft>
				<onright>50</onright>
				<ondown>63</ondown>
				<align>center</align>
				<aligny>center</aligny>
      				<texturefocus>XBbuttonF.png</texturefocus>
				<texturenofocus>XBbuttonNF.png</texturenofocus>
				<disabledcolor>60ffffff</disabledcolor>
				<width>108</width>
				<height>37</height>
			</control>
			<control type="button" id="63">
				<description>Reset Button</description>
				<posx>0</posx>
				<posy>379</posy>
      				<textoffsetx>2</textoffsetx>
      				<textoffsety></textoffsety>
				<label>-</label>
				<onup>65</onup>
				<onleft>63</onleft>
				<onright>50</onright>
				<ondown>64</ondown>
				<align>center</align>
				<aligny>center</aligny>
      				<texturefocus>XBbuttonF.png</texturefocus>
				<texturenofocus>XBbuttonNF.png</texturenofocus>
				<disabledcolor>60ffffff</disabledcolor>
				<width>108</width>
				<height>37</height>
			</control>
			<control type="button" id="64">
				<description>Exit Button</description>
				<posx>0</posx>
				<posy>436</posy>
      				<textoffsetx>2</textoffsetx>
      				<textoffsety></textoffsety>
				<label>-</label>
				<onup>63</onup>
				<onleft>65</onleft>
				<onright>50</onright>
				<ondown>64</ondown>
				<align>center</align>
				<aligny>center</aligny>
      				<texturefocus>XBbuttonF.png</texturefocus>
				<texturenofocus>XBbuttonNF.png</texturenofocus>
				<disabledcolor>60ffffff</disabledcolor>
				<width>108</width>
				<height>37</height>
			</control>
		</control>
        	<control type="textbox" id="67">
            		<description>email preview</description>
            		<posx>150</posx>
            		<posy>400</posy>
            		<width>550</width>
            		<height>200</height>
            		<textureup>scroll-up.png</textureup>
            		<texturedown>scroll-down.png</texturedown>
            		<textureupfocus>scroll-up-focus.gif</textureupfocus>
            		<texturedownfocus>scroll-down-focus.gif</texturedownfocus>
            		<font>font13</font>
            		<textcolor>FFFFFFFF</textcolor>
            		<onup>67</onup>
            		<ondown>67</ondown>
            		<onleft>67</onleft>
            		<onright>67</onright>
        	</control>	
		<control type="list" id="50">
			<posx>125</posx>
			<posy>80</posy>
			<width>700</width>
			<height>310</height>
			<onleft>9000</onleft>
			<onright>69</onright>
			<onup>50</onup>
			<ondown>50</ondown>
			<viewtype label="535">list</viewtype>
			<pagecontrol>69</pagecontrol>
			<scrolltime>200</scrolltime>
			<itemlayout height="27">
				<control type="image">
					<posx>2</posx>
					<posy>0</posy>
					<width>25</width>
					<height>25</height>
					<info>ListItem.Icon</info>
				</control>
				<control type="label">
					<posx>35</posx>
					<posy>0</posy>
					<width>332</width>
					<height>22</height>
					<font>font13</font>
					<selectedcolor>FFe2ff43</selectedcolor>
					<align>left</align>
					<info>ListItem.Label</info>
				</control>
				<control type="label">
					<posx>375</posx>
					<posy>0</posy>
					<width>200</width>
					<height>22</height>
					<font>font13</font>
					<selectedcolor>FFe2ff43</selectedcolor>
					<selectedcolor>FFe2ff43</selectedcolor>
					<align>left</align>
					<info>ListItem.Label2</info>
				</control>
			</itemlayout>
			<focusedlayout height="27">
				<control type="image">
					<width>578</width>
					<height>25</height>
					<posx>0</posx>
					<posy>0</posy>
					<visible>!Control.HasFocus(50)</visible>
					<colordiffuse>FF000000</colordiffuse>
					<texture>XBlist-focus.png</texture>
				</control>
				<control type="image">
					<width>578</width>
					<height>25</height>
					<posx>0</posx>
					<posy>0</posy>
					<visible>Control.HasFocus(50)</visible>
					<texture>XBlist-focus.png</texture>
				</control>
				<control type="image">
					<posx>2</posx>
					<posy>0</posy>
					<width>25</width>
					<height>25</height>
					<info>ListItem.Icon</info>
				</control>
				<control type="label">
					<posx>35</posx>
					<posy>0</posy>
					<width>332</width>
					<height>22</height>
					<font>font13</font>
					<selectedcolor>FFe2ff43</selectedcolor>
					<align>left</align>
					<info>ListItem.Label</info>
				</control>
				<control type="label">
					<posx>375</posx>
					<posy>0</posy>
					<width>200</width>
					<height>22</height>
					<font>font13</font>
					<selectedcolor>FFe2ff43</selectedcolor>
					<textcolor>60ffffff</textcolor>
					<align>left</align>
					<info>ListItem.Label2</info>
				</control>
			</focusedlayout>
		</control>
		<control type="scrollbar" id="69">
			<posx>705</posx>
			<posy>80</posy>
			<width>16</width>
			<height>312</height>
			<texturesliderbackground border="4">XBscrollbar_background.png</texturesliderbackground>
			<texturesliderbar border="3">XBscrollbar_bar.png</texturesliderbar>
			<texturesliderbarfocus border="3">XBscrollbar_bar_focus.png</texturesliderbarfocus>
			<textureslidernib>XBscrollbar_nib.png</textureslidernib>
			<textureslidernibfocus>XBscrollbar_nib_focus.png</textureslidernibfocus>
			<onleft>50</onleft>
			<onright>9000</onright>
			<showonepage>false</showonepage>
			<orientation>vertical</orientation>
			<visible>Control.IsVisible(50)</visible>
		</control>
    </controls>

</window>
