<window>
	<defaultcontrol>72</defaultcontrol>
	<allowoverlay>no</allowoverlay>
	<controls>
		<control type="image">
			<description>Background image</description>
			<posx>0</posx>
			<posy>0</posy>
			<width>720</width>
			<height>576</height>
			<texture>XBbackground-bottom.png</texture>
		</control>
		<control type="image">
			<description>Menu Open</description>
			<posx>153</posx>
			<posy>60</posy>
			<width>400</width>
			<height>63</height>
			<texture>XBmenu-top.png</texture>
			<animation effect="slide" start="0,100" time="800">WindowOpen</animation>
			<animation effect="slide" end="0,100" time="800">WindowClose</animation>
		</control>
		<control type="image">
			<description>Menu Icon image</description>
			<posx>330</posx>
			<posy>60</posy>
			<width>65</width>
			<height>65</height>
			<texture>XBabouticon.png</texture>
			<animation effect="slide" start="0,100" time="800">WindowOpen</animation>
			<animation effect="slide" end="0,100" time="800">WindowClose</animation>
		</control>
		<control type="image">
			<description>XinBox Logo image</description>
			<posx>160</posx>
			<posy>45</posy>
			<width>120</width>
			<height>120</height>
			<texture>XBXinBoXLogo.png</texture>
			<animation effect="slide" start="0,100" time="800">WindowOpen</animation>
			<animation effect="slide" end="0,100" time="800">WindowClose</animation>
		</control>
  		<control type="label" id="80">
        		<description>Menu Label</description>
        		<posx>430</posx>
        		<posy>95</posy>
        		<width>150</width>
        		<label>-</label>
        		<font>special13</font>
        		<textcolor>FFB2D4F5</textcolor>
			<animation effect="slide" start="0,100" time="800">WindowOpen</animation>
			<animation effect="slide" end="0,100" time="800">WindowClose</animation>
  		</control>	
  		<control type="label" id="81">
        		<description>Version Label</description>
        		<posx>280</posx>
        		<posy>100</posy>
			<label>-</label>
        		<width>100</width>
        		<font>font13</font>
			<animation effect="slide" start="0,100" time="800">WindowOpen</animation>
			<animation effect="slide" end="0,100" time="800">WindowClose</animation>
  		</control>		
		<control type="image">
			<description>Panel</description>
			<posx>140</posx>
			<posy>120</posy>
			<width>430</width>
			<height>450</height>
			<texture>XBacmenu.png</texture>
		</control>
        	<control type="textbox" id="72">
            		<description>msgbody</description>
            		<posx>175</posx>
            		<posy>150</posy>
            		<width>370</width>
            		<height>280</height>
            		<spinposx>175</spinposx>
            		<spinposy>280</spinposy>
            		<textureup>XBscroll-up.png</textureup>
            		<texturedown>XBscroll-down.png</texturedown>
            		<textureupfocus>XBscroll-up-focus.png</textureupfocus>
            		<texturedownfocus>XBscroll-down-focus.png</texturedownfocus>
            		<font>font13</font>
            		<textcolor>FFFFFFFF</textcolor>
            		<onup>72</onup> 
            		<ondown>9000</ondown>
            		<onleft>72</onleft>
           		<onright>72</onright>
			<animation effect="fade" time="1000">WindowOpen</animation>
			<animation effect="fade" time="1000">WindowClose</animation>
        	</control>
		<control type="group" id="9000">
			<animation effect="fade" time="1000">WindowOpen</animation>
			<animation effect="fade" time="1000">WindowClose</animation>
			<posx>183</posx>
			<posy>462</posy>
			<control type="button" id="61">
				<description>About Button</description>
				<posx>0</posx>
				<posy>0</posy>
      				<textoffsetx>2</textoffsetx>
      				<textoffsety></textoffsety>
				<label>-</label>
				<onright>62</onright>
				<onup>72</onup>
				<ondown>61</ondown>
				<onleft>61</onleft>
				<align>center</align>
				<aligny>center</aligny>
      				<texturefocus>XBbuttonF.png</texturefocus>
				<texturenofocus>XBbuttonNF.png</texturenofocus>
				<disabledcolor>60ffffff</disabledcolor>
				<width>97</width>
				<height>42</height>
			</control>
			<control type="button" id="62">
				<description>Language Credits Button</description>
				<posx>130</posx>
				<posy>0</posy>
      				<textoffsetx>2</textoffsetx>
      				<textoffsety></textoffsety>
				<label>-</label>
				<onright>63</onright>
				<onup>72</onup>
				<ondown>62</ondown>
				<onleft>61 </onleft>
				<align>center</align>
				<aligny>center</aligny>
      				<texturefocus>XBbuttonF.png</texturefocus>
				<texturenofocus>XBbuttonNF.png</texturenofocus>
				<disabledcolor>60ffffff</disabledcolor>
				<width>97</width>
				<height>42</height>
			</control>
			<control type="button" id="63">
				<description>Skinning Credits Button</description>
				<posx>258</posx>
				<posy>0</posy>
      				<textoffsetx>2</textoffsetx>
      				<textoffsety></textoffsety>
				<label>-</label>
				<onup>72</onup>
				<onleft>62</onleft>
				<onright>63</onright>
				<ondown>63</ondown>
				<align>center</align>
				<aligny>center</aligny>
      				<texturefocus>XBbuttonF.png</texturefocus>
				<texturenofocus>XBbuttonNF.png</texturenofocus>
				<disabledcolor>60ffffff</disabledcolor>
				<width>97</width>
				<height>42</height>
			</control>
		</control>
        	<control type="fadelabel" id="64">
			<description>URL Label</description>
			<animation effect="fade" time="1000">WindowOpen</animation>
			<animation effect="fade" time="1000">WindowClose</animation>
			<width>400</width>
			<posx>160</posx>
			<posy>510</posy>
			<align>right</align>
			<font>special13</font>
			<textcolor>FFB2D4F5</textcolor>
		</control> 
    </controls>

</window>
