<window>
	<defaultcontrol>51</defaultcontrol>
	<allowoverlay>no</allowoverlay>
	<controls>
		<control type="image">
			<description>Background image</description>
			<posx>0</posx>
			<posy>0</posy>
			<width>720</width>
			<height>576</height>
			<texture>XBbackground-bottom.png</texture>
		</control>
		<control type="image">
			<description>Menu Open</description>
			<posx>153</posx>
			<posy>60</posy>
			<width>400</width>
			<height>63</height>
			<texture>XBmenu-top.png</texture>
			<animation effect="slide" start="0,100" time="800">WindowOpen</animation>
			<animation effect="slide" end="0,100" time="800">WindowClose</animation>
		</control>
		<control type="image">
			<description>Menu Icon image</description>
			<posx>300</posx>
			<posy>60</posy>
			<width>100</width>
			<height>100</height>
			<texture>XBcreatenew.png</texture>
			<animation effect="slide" start="0,100" time="800">WindowOpen</animation>
			<animation effect="slide" end="0,100" time="800">WindowClose</animation>
		</control>
		<control type="image">
			<description>XinBox Logo image</description>
			<posx>160</posx>
			<posy>45</posy>
			<width>120</width>
			<height>120</height>
			<texture>XBXinBoXLogo.png</texture>
			<animation effect="slide" start="0,100" time="800">WindowOpen</animation>
			<animation effect="slide" end="0,100" time="800">WindowClose</animation>
		</control>
  		<control type="label" id="80">
        		<description>Menu Label</description>
        		<posx>370</posx>
        		<posy>95</posy>
        		<width>200</width>
        		<label>-</label>
        		<font>special13</font>
			<align>center</align>
        		<textcolor>FFB2D4F5</textcolor>
			<animation effect="slide" start="0,100" time="800">WindowOpen</animation>
			<animation effect="slide" end="0,100" time="800">WindowClose</animation>
  		</control>	
  		<control type="label" id="81">
        		<description>Account Label</description>
        		<posx>440</posx>
        		<posy>60</posy>
			<label>-</label>
        		<width>200</width>
        		<font>font13</font>
			<animation effect="slide" start="0,100" time="800">WindowOpen</animation>
			<animation effect="slide" end="0,100" time="800">WindowClose</animation>
  		</control>		
		<control type="image">
			<description>Panel</description>
			<posx>140</posx>
			<posy>120</posy>
			<width>430</width>
			<height>450</height>
			<texture>XBaccountmenu.png</texture>
		</control>
                <control type="checkmark" id="104">
                    	<description>Default Setting Status</description>
                    	<posx>410</posx>
                    	<posy>195</posy>
                    	<width>60</width>
                    	<height>30</height>
                    	<label>-</label>
                    	<font>font13</font>
                    	<textcolor>ffffffff</textcolor>
                    	<texturecheckmark>XBsettings-check-box.png</texturecheckmark>
			<texturecheckmarknofocus>XBsettings-check-boxNF.png</texturecheckmarknofocus>
                    	<markwidth>18</markwidth>
                    	<markheight>22</markheight>
                    	<disabledcolor>00d0d0d0</disabledcolor>
                    	<shadowcolor>00000000</shadowcolor>
			<animation effect="fade" time="1000">WindowOpen</animation>
			<animation effect="fade" time="1000">WindowClose</animation>
                </control>
                <control type="checkmark" id="105">
                    	<description>Minimode Setting Status</description>
                    	<posx>410</posx>
                    	<posy>222</posy>
                    	<width>60</width>
                    	<height>30</height>
                    	<label>-</label>
                    	<font>font13</font>
                    	<textcolor>ffffffff</textcolor>
                    	<texturecheckmark>XBsettings-check-box.png</texturecheckmark>
			<texturecheckmarknofocus>XBsettings-check-boxNF.png</texturecheckmarknofocus>
                    	<markwidth>18</markwidth>
                    	<markheight>22</markheight>
                    	<disabledcolor>00d0d0d0</disabledcolor>
                    	<shadowcolor>00000000</shadowcolor>
			<animation effect="fade" time="1000">WindowOpen</animation>
			<animation effect="fade" time="1000">WindowClose</animation>
                </control>
		<control type="group" id="9000">
			<animation effect="fade" time="1000">WindowOpen</animation>
			<animation effect="fade" time="1000">WindowClose</animation>
			<posx>454</posx>
			<posy>150</posy>
			<control type="button" id="61">
				<description>Add A Xinbox button</description>
				<posx>0</posx>
				<posy>-14</posy>
      				<textoffsetx>2</textoffsetx>
      				<textoffsety></textoffsety>
				<label>-</label>
				<onleft>51</onleft>
				<align>center</align>
				<aligny>center</aligny>
				<ondown>62</ondown>
      				<texturefocus>XBbuttonF.png</texturefocus>
				<texturenofocus>XBbuttonNF.png</texturenofocus>
				<disabledcolor>60ffffff</disabledcolor>
				<width>107</width>
				<height>42</height>
			</control>
			<control type="button" id="62">
				<description>Edit A Xinbox button</description>
				<posx>0</posx>
				<posy>46</posy>
      				<textoffsetx>2</textoffsetx>
      				<textoffsety></textoffsety>
				<label>-</label>
				<onleft>51</onleft>
				<onup>61</onup>
				<ondown>63</ondown>
				<align>center</align>
				<aligny>center</aligny>
      				<texturefocus>XBbuttonF.png</texturefocus>
				<texturenofocus>XBbuttonNF.png</texturenofocus>
				<disabledcolor>60ffffff</disabledcolor>
				<width>107</width>
				<height>42</height>
			</control>
			<control type="button" id="63">
				<description>Delete A Xinbox button</description>
				<posx>0</posx>
				<posy>111</posy>
      				<textoffsetx>2</textoffsetx>
      				<textoffsety></textoffsety>
				<label>-</label>
				<onleft>51</onleft>
				<onup>62</onup>
				<ondown>64</ondown>
				<align>center</align>
				<aligny>center</aligny>
      				<texturefocus>XBbuttonF.png</texturefocus>
				<texturenofocus>XBbuttonNF.png</texturenofocus>
				<disabledcolor>60ffffff</disabledcolor>
				<width>107</width>
				<height>42</height>
			</control>
			<control type="button" id="64">
				<description>Save button</description>
				<posx>0</posx>
				<posy>177</posy>
      				<textoffsetx>2</textoffsetx>
      				<textoffsety></textoffsety>
				<label>-</label>
				<onleft>51</onleft>
				<onup>63</onup>
				<ondown>65</ondown>
				<align>center</align>
				<aligny>center</aligny>
      				<texturefocus>XBbuttonF.png</texturefocus>
				<texturenofocus>XBbuttonNF.png</texturenofocus>
				<disabledcolor>60ffffff</disabledcolor>
				<width>107</width>
				<height>42</height>
			</control>
			<control type="button" id="65">
				<description>OK button</description>
				<posx>0</posx>
				<posy>244</posy>
      				<textoffsetx>2</textoffsetx>
      				<textoffsety></textoffsety>
				<label>-</label>
				<onleft>51</onleft>
				<onup>64</onup>
				<align>center</align>
				<aligny>center</aligny>
      				<texturefocus>XBbuttonF.png</texturefocus>
				<texturenofocus>XBbuttonNF.png</texturenofocus>
				<disabledcolor>60ffffff</disabledcolor>
				<width>107</width>
				<height>42</height>
			</control>
		</control>
		<control type="list" id="51">
			<posx>160</posx>
			<posy>140</posy>
			<width>290</width>
			<height>275</height>
			<onright>9000</onright>
			<scrolltime>200</scrolltime>
			<animation effect="fade" time="1000">WindowOpen</animation>
			<animation effect="fade" time="1000">WindowClose</animation>
			<itemlayout height="27">
				<control type="image">
					<width>440</width>
					<height>25</height>
					<posx>0</posx>
					<posy>0</posy>
					<texture>XBlist-nofocus.png</texture>
				</control>
				<control type="image">
					<posx>200</posx>
					<posy>0</posy>
					<width>25</width>
					<height>25</height>
					<info>ListItem.Icon</info>
				</control>
				<control type="label">
					<posx>5</posx>
					<posy>2</posy>
					<width>380</width>
					<height>22</height>
					<font>font13</font>
					<align>left</align>
					<info>ListItem.Label</info>
				</control>
				<control type="label">
					<posx>278</posx>
					<posy>2</posy>
					<width>200</width>
					<height>22</height>
					<font>font13</font>
					<align>right</align>
					<info>ListItem.Label2</info>
				</control>
			</itemlayout>
			<focusedlayout height="27">
				<control type="image">
					<width>282</width>
					<height>25</height>
					<posx>0</posx>
					<posy>0</posy>
					<visible>Control.HasFocus(51)</visible>
					<texture>XBlist-focus.png</texture>
				</control>
				<control type="image">
					<posx>200</posx>
					<posy>0</posy>
					<width>25</width>
					<height>25</height>
					<info>ListItem.Icon</info>
				</control>
				<control type="label">
					<posx>5</posx>
					<posy>2</posy>
					<width>380</width>
					<height>22</height>
					<font>font13</font>
					<align>left</align>
					<info>ListItem.Label</info>
				</control>
				<control type="label">
					<posx>278</posx>
					<posy>2</posy>
					<width>200</width>
					<height>22</height>
					<font>font13</font>
					<align>right</align>
					<info>ListItem.Label2</info>
				</control>
			</focusedlayout>
		</control>
		<control type="list" id="88">
			<posx>160</posx>
			<posy>415</posy>
			<width>280</width>
			<height>105</height>
			<scrolltime>200</scrolltime>
			<onright>9000</onright>
			<animation effect="fade" time="1000">WindowOpen</animation>
			<animation effect="fade" time="1000">WindowClose</animation>
			<itemlayout height="27">
				<control type="image">
					<posx>200</posx>
					<posy>0</posy>
					<width>25</width>
					<height>25</height>
					<info>ListItem.Icon</info>
				</control>
				<control type="label">
					<posx>5</posx>
					<posy>2</posy>
					<width>380</width>
					<height>22</height>
					<font>font13</font>
					<align>left</align>
					<info>ListItem.Label</info>
				</control>
				<control type="label">
					<posx>285</posx>
					<posy>2</posy>
					<width>300</width>
					<height>22</height>
					<font>font13</font>
					<align>right</align>
					<info>ListItem.Label2</info>
				</control>
			</itemlayout>
			<focusedlayout height="27">
				<control type="image">
					<width>280</width>
					<height>25</height>
					<posx>0</posx>
					<posy>0</posy>
					<visible>Control.HasFocus(88)</visible>
					<texture>XBlist-focus.png</texture>
				</control>
				<control type="image">
					<posx>200</posx>
					<posy>0</posy>
					<width>25</width>
					<height>25</height>
					<info>ListItem.Icon</info>
				</control>
				<control type="label">
					<posx>5</posx>
					<posy>2</posy>
					<width>380</width>
					<height>22</height>
					<font>font13</font>
					<align>left</align>
					<info>ListItem.Label</info>
				</control>
				<control type="label">
					<posx>285</posx>
					<posy>2</posy>
					<width>300</width>
					<height>22</height>
					<font>font13</font>
					<align>right</align>
					<info>ListItem.Label2</info>
				</control>
			</focusedlayout>
		</control>
    </controls>

</window>
